/*
Navicat MySQL Data Transfer

Source Server         : localhost
Source Server Version : 50645
Source Host           : localhost:3306
Source Database       : club

Target Server Type    : MYSQL
Target Server Version : 50645
File Encoding         : 65001

Date: 2019-10-23 22:44:15
*/

SET FOREIGN_KEY_CHECKS=0;

-- ----------------------------
-- Table structure for activity
-- ----------------------------
DROP TABLE IF EXISTS `activity`;
CREATE TABLE `activity` (
  `id` int(11) NOT NULL AUTO_INCREMENT COMMENT '活动id',
  `activity_name` varchar(55) NOT NULL DEFAULT '' COMMENT '活动名称',
  `site` varchar(60) NOT NULL DEFAULT '' COMMENT '活动地点',
  `hold_time` varchar(80) NOT NULL DEFAULT '' COMMENT '活动举行时间',
  `introduce` text COMMENT '活动介绍',
  `apply_time` timestamp NULL DEFAULT CURRENT_TIMESTAMP,
  `permission` int(1) NOT NULL DEFAULT '0' COMMENT '社团联是否批准',
  `activity_type_id` int(11) NOT NULL DEFAULT '0',
  `club_id` int(11) NOT NULL DEFAULT '0',
  PRIMARY KEY (`id`)
) ENGINE=InnoDB AUTO_INCREMENT=28 DEFAULT CHARSET=utf8;

-- ----------------------------
-- Records of activity
-- ----------------------------
INSERT INTO `activity` VALUES ('1', '社团招新', '湖北师范大学若水轩', '2018年12月11日', '2018年12月9日晚6:30，“陌上花开”——山东大学《诗经》创意大赛在知新楼A1106室正式开始。共有十四支晋级队伍参赛，历史文化学院唐建军老师、杨东篱老师、章军杰老师担任此次大赛的评委。\r\n\r\n开场，主持人宣布了比赛规则，随后参赛同学按照抽签顺序开始展示。比赛中有同学借《氓》来思考现代女性的社会问题；有同学用视频来展现《月出》中男子对女子的思慕。用剧情表演展示的《绿衣》令人耳目一新；用深情朗读展现的《静女》别有意境。每个作品都具有自己的特点，一首首古老的诗经经过同学们的创意展示，拥有了更多的生机与活力。\r\n\r\n参赛的同学都拿出了自己精心准备的作品，三位评委老师认真评审每个作品，并给予评价。观看比赛的同学全神贯注地聆听着选手的讲解。随后，三位评委老师对本次比赛做出了评析，表扬了参与以及组织这次比赛的同学。唐建军老师鼓励同学们通过这次比赛进一步了解《诗经》，并更多地学习传统文化。章军杰老师建议同学们更多地把传统文化与现实相结合，创造出具有实际价值的文化作品，使之服务于社会生活。\r\n\r\n随后，工作人员根据评委老师给出的分数评选出了一、二、三等奖，并为选手颁发了奖品。在大赛第二阶段，栗子话剧社将选取优秀作品，将其编为话剧，并进行公演。\r\n\r\n最后，评委老师和这次比赛的参与者、组织者合影留念，陌上花开——山东大学《诗经》创意大赛第一阶段宣告结束。', null, '0', '2', '0');
INSERT INTO `activity` VALUES ('2', '计算机协会义务为修', '湖北师范大学若水轩315', '2018年05月16日', '<p>为了更好地深入贯彻落实科学发展观，促进大学生德智体全面可持续发展，进一步弘扬国球精神，丰富大学生课余生活，增强体质以及提高心理素质，加强同学们的体育锻炼意识，促进学生文体活动的发展；同时，也为了促进各学院之间的乒乓球技术交流，提高学生的乒乓球水平，特举办第六届“山大杯”乒乓球团体赛。 由山东大学体育运动委员会主办的、山东大学乒乓球协会和山东大学体育学院承办的，由冠华体育、大川体育和国球汇赞助的“山大杯”乒乓球团体赛要来啦！ 5月19号，2018“山大杯”团体赛就将正式开赛！来，摆出一个你已经“准备好”的姿势吧！ 乒协的童鞋们已经张开双手准备拥抱来自各学院的“胖球”爱好者和可爱的你！5月19/20号，在兴隆山校区体育馆，各学院可派出男团、女团最强战队，在球场上挥汗如雨，酣畅激战！这个五月，在赛场上感受运动的魅力，让竞技体育激发你的战斗力，“山大杯”等你来战。 划重点：比赛时间：19日进行第一阶段男团女团小组赛， 20日进行第二阶段进行男团女团决赛。 比赛地点：山东大学兴隆山校区体育馆 5.19拉开战幕！各学院最强战队蓄势待发，打call倒计时！期待正式开赛，精彩上演。展山大风采，促国球发展，风里雨里，5.19兴隆山体育馆，我们等你！</p>', null, '0', '1', '0');
INSERT INTO `activity` VALUES ('3', '轮滑新生赛', '', '2018年11月24日', '醒人的秋风，满地的黄叶，\r\n那边，是哪来的人儿，这样，欢脱', null, '0', '1', '0');
INSERT INTO `activity` VALUES ('4', '极客俱乐部讲座圆满结束', '湖师教育楼', '', '<p>欢迎观看</p>', '2019-04-23 12:08:03', '0', '2', '0');
INSERT INTO `activity` VALUES ('18', 'activity_name', 'site', 'hold_time', 'introduce', '2019-05-09 14:45:27', '0', '2', '0');
INSERT INTO `activity` VALUES ('19', '565', '654646', '2019 年 05 月 09 日', '<p>4646</p>', '2019-05-09 14:45:50', '0', '1', '0');
INSERT INTO `activity` VALUES ('20', '355', '5353', '2019 年 05 月 09 日', '<p>5353</p>', '2019-05-09 14:46:36', '0', '2', '0');
INSERT INTO `activity` VALUES ('21', '5353', '543534', '2019 年 05 月 10 日', '<p>53453</p>', '2019-05-09 14:47:52', '0', '2', '0');
INSERT INTO `activity` VALUES ('22', '5353', '5353', '2019 年 05 月 10 日', '<p>5353</p>', '2019-05-09 14:49:56', '0', '1', '0');
INSERT INTO `activity` VALUES ('23', '422', '42342', '2019 年 05 月 10 日', '<p>42244</p><p><img src=\"data:image/jpeg;base64,/9j/4AAQSkZJRgABAQAAAQABAAD/2wBDAAsJCQcJCQcJCQkJCwkJCQkJCQsJCwsMCwsLDA0QDBEODQ4MEhkSJRodJR0ZHxwpKRYlNzU2GioyPi0pMBk7IRP/2wBDAQcICAsJCxULCxUsHRkdLCwsLCwsLCwsLCwsLCwsLCwsLCwsLCwsLCwsLCwsLCwsLCwsLCwsLCwsLCwsLCwsLCz/wAARCAD3AXQDASIAAhEBAxEB/8QAHAAAAQUBAQEAAAAAAAAAAAAAAwABAgQFBgcI/8QAPBAAAgIBAwMDAgQFAgUEAgMAAQIDERIABCETMUEFIlFhcRQygZEGI0KhsRVSJMHh8PEzYnKCQ9EWNFP/xAAaAQADAQEBAQAAAAAAAAAAAAAAAQIDBAUG/8QAKhEAAgICAgICAQQCAwEAAAAAAAECEQMSITEEQRNRIjJhcZGh0QUU8LH/2gAMAwEAAhEDEQA/AOxYcnUSNFYcnUSNfSJnx4OtNWiVpq1aYgdaVaJWmrT2EDI+ul+uiVpsdPYKBkaatErSrT2GCr66VfXRK76atOwIHTVomOmrTsCGmrRK0q07AHWmrRK01adgQ01aJWmrTsAdfXS51OtKtOwB86ejqVaVaewENLU601aLEQrSrRK01aewEK0tTrSrRYEK0v11OtKtFgQ/XTV9dErSrRYA6+ulX11OtPWixENL9dSrT1osCH66avrolaVaLAHX10q+up1pVp2AM6VanWnrRYA609HUwNPWjYCIHGlqYXjS1OwUabDk6jjozDk6iRrzFI1oHjpsdEx0sdUpBQLHTVotabHT2FQOtNWildNjp7BQKtIjRcdMRp7CoFjpVolabHTUgoGRpq0WtNjqtgoFWlWiVpY6ewUDx02OiVpY6ewgdabHRcdNjp7ACI0q0THSx09gBY6VaJjpVp7ACrSrRa02P00bADrSrRcfppq0bADrSrRK0sdGwA60q0SvppEaewqB1pVqeOnrRsFAq09aJWlWjYAVaetErSrRsAOtKtEx+mmx0bBRDHTY6Jjp8dGwAsdLHRMdPjo2AFjp61OtKtGwDAcaWpheNLU7AaJAPIog+R20iNEKjsAAB2A7aYjXmqR00DrSrRK01aewUDrSx0StNWnYqB46WOiVpV307DUFjpsdFrSx0bCoFjpq0XHTY6rYKBY6WOi46bHT2FQHHSx0bHTFdPYVAsdLHRcdNWnsKgVabHRsdNWnsFAsdLHRa0sdGwUBx0sdFrTFdPYKB46bHRa0q0bCoFWljouOmx09goFjpY6LidPjo2CgOOnx0XHSx0bBQHHSx0bHSx0bBQHHSx0XHT46NgoDjpY6LWlWjYKBY6WOi46WOnsFAsdLHRcdNjo2CgeOljomOlj30bBQLHSx0WtLHRsKiAXjS0E+oenRlkkmZHViCHg3APHnhNLUfIjT4pfRtsOTpq0VhydNWvPUjr0B1pqGi1pq1WwtAVaVaLWmrRsLUHWlWiVpVp7C1BVpVolaVaewtQVaatFrSK6ewagq0sdErTVo2FQOtLHRK0iNPYVAsdLHRK0q07FqCrSx0TE6WOnsFAiulQ0WtNjo2CgVaWOi46VarYWoLHTY6NWlWjYNQWOmx0XHSx0bC1B1pY6JjpY6Nh6g8dLHRMdKtGwag8dNjotaVaNg1BVpVolaetGwaga0+I0StKtPYVA6Gmx0WtMaFkngd9Gw9QeOq808caO5NCPEtxffiiBzo00+3hW5JALrHnkk9gB3N6xt9uXV5gjEGURILFxrIj5As68kHwPFaHkjFXJmkMTkzYLC0AFlzQAI4HydSx1S2+52pXc5yRZQKF3DGRQqFPbRY1XyPvpJuH/EmIjMFgwLNj00oAl74sdx9P7WuVZPxvoh6p6rsvSI9vJulmb8Q0qxLCoPMa5WxJ4BNKPqdZO7/iA7vbbh/RnYrFATui8TxTxAg5G3UgDmrAPI4POsn+IPUR6jvlGyimZYY12oMqjFpZC3NXx/VX257a50SSI0gHUV2UxM6FhJJG1XHKoOJWwCOPGvFy+bJTaS/E9TD4UHFN9nRD1P1tlQrudhKuIAk3EKCVgOPeeoLPi650tYMcEborFMiRySBYriu+lrz1/yNKuf7PR/60T29hz20xGsKD1eHfypJ6fu9kESFpt7HIT1I1V8AzR9U0K8gHkr3DcbO1keaLqMBeTAUpAIBIsE+P017HqzydeaCVpsdTNCrIF9rIH+dQWWOROohtfd9/b30WGosdNjpRzQS5dNw2LYMACCGIuiDzqZoVdC+310WJwIY6VaJXf/ALrTVo2FoQrTEaJWmIoE1z4/TT2E4mfuN4sIlYgYxj3drvIDn/I0RNzDIyKhssSBz8DI/t51n7yMPM6A1DuYGoEqAQLyHg2Dx3/qH6UfQmaTcrmLeONoAxBLlxXULn6ADn/3a69IuNmaR0tXpq1Wh3T7nd7iOJf+H25MLOeTJODbYEcULA+/21cABAI7HtrnfHY9bI1pY6nWlWjYNAeOmrRSNNWjYNAdaRGiVpY340bC0BVpVogAawpDEGiFIYj7gHSKsO4I++nsGoPHSx1OtKtPYWoPHSx0StKtGwtSGOmx0StKtGw9CGOlWp0asj9fGkVYd1I+4P8AnRsGgOtIjU60q07DUHjpY6nR0qOnYtSGOlWp0dV9zKnQ3gi3KJMkO4ZWR1LRtEtsT3HHF/fUudDULCNwDxZ8AedAO5g6yQhqYyMl8EMwXLEfWudccf4x3Cbn1Hb7wEI22MW2WCIAxbghVSRpAeLski/jVLa+obnbVe4nnErCeYO+QVwCiurPfIHHbz58cr83Gkn9nQvEm+zvpJo6gZSGEjN0yAx7CiSO/Haq1kf6zFm8LAiR2OBu1zD4qLI7N4/66yn36pFs5Ue9xt91K7bSRuQHK8yyHmv08/XWNuN7HIJ8+nHIHbFUXFAj0SIls8DsOe3x4M3mxxr8TTF4t/qRvPvo2nkDOGFyHb4hwdsyryebI/bVCTfKkbSyvnIpWQNiEGchokKD4HmvOsZtwsbxzKIzHtZoiyyuzF1FA0a8351X3e+i3DsVUKjl8E803uC5KL48GteVk8uU47J8nfHBCL1ou7v1N4iiIcEiTFek7s8gZSGLtJwP21v/AMN+pbX1ptzsnhXbuI2kWCMS/wA1Aqo0rSsbyHyCD7u1DnhurJug5EQosoblUQAjGjfjyTqMc42TN0WnE8PSWJgCGkkZ7BWjfeuL7arxvJyxlb5Jy4ISXHB3O59N9P208+ziG5i3mUcUTjFot4uBkVxRtSgvivBP/wAeU3CPthIQ8guUIysxBwPIJs1yfmqq/v6FvNnvk9P2m6P83fmTYq+3lCYPJIcOilkgY5Fj3BxN8dsD1nbL6PNCsu2Tcx7mGdRuN3H/ACPxcjiSV1yYn4VQFHFeRZ9DysUHDZHPgytOmc1Ftd5uUE0MMpjYkBhwGI4J4OlqC+objbqse2cRQ+51iObNGWYsVayDd3pa8F48f2/6R6dz+gn8K7h49/HJDtdo+adBxuC+WMrhXpkIAoEEZBhY7cgj24FVCKWF1RthfA518/8A8Lp6Z/rOz/1KZYdskscscjSRR4TRsHS2lNAGqPB7/Wx7DN/EPocbxiTfbFAyNKMd3G6lAcScolK/bnnXvYncEedki9rSNL1CTBVlji6zQEuyZAApgWOJ+fj7a5+P1rZ7qLe7eSSOIRzFhKuXIb3A48NiP6gATrI9U/ijbzywQbGeMrEjdSVJVYS0oFJ7Bdd+9c65Xd7p5ci5jvqmV4+yqeSAg4qiT2HjWGbzFilrEIYHJXI7Nv4pXbYtAINwTGG5YsYAxqnIIdu3HuGq26/i533MUe13G5khdkywEMU3uoFVMnb4rjv31xUTonXSSZcSXaIXmS1cljV0T9eNQn2TzI+4R0Fx22UnKMMTXHHnzx+uuVeVklLl8GvwRSPbdr6j6a23hdt1BGz4jGaWJZCxNAFcu98aNtd/6fvS42s6yMjOrrRVlKNibDa8Rh3W2ijAjVW3ZpFjZclLlSDMrk3dn2iuw13XoSbyPqzbxmkG0gh3qjaFzGAwqZJQqByU+CR+tVr0IZVNmDxV0d9WqO7l3ERyjlBH5cEClg1FsSD54451cRmkVSsUhViAM8UtWW8+TdeKoH6azt16fuFi3bq7IRC7FjIDksaF+FRQbJ4Jy1rGcU+RPFJrhHPeoDd7aVJVMkyo/XdZFBIQjITAHsp/qomxY1H0maID1CSSfoKfxU+4L2iw7dpFz57hiRiD9R5GsLe+uSI3WxdWkgjbcyRSuzyhpGplL2FNWPtxwDof8JzeqSz7mSdfxHpSwzbs7bcbqOLqPt5/ZIyFWchTdXwTz451eepaj+D8bO89P2W5eBHlMm3hkIK7ZPbIsYYsqsw7A8kgc/X41maOILkQoJxUdgPp8aU0pgiV5FbNpIIcYiHIeZxGOWri/OuV/iHebpEELSKYy5CfhmDkUMWywNg8137a5s/kqC2kKHjtukdWpVscWDWuQx5sdr41DczwbTb7jc7hykG3jaWVgrOQo+FXnXm/+qb/AG2xkZITLsEmkSZgjxyGVogyuGjIFAdyf9xJ1d3f8RTT+jvtxt9jjDLJt9/FMkrKIw69JoKk5u7stzR/XnfmQcNl2arxpXTOr9J9c9K9ZMybR5BuIFV59tMhWVFYkKw4xIP0Or25MibbcyR3kiZKauiCNeRzS+lzT7HH1HeQbTNUnldDt1hiG4Q4xybUFwVHu5BHj669V3Em6d/VoleMbXb7WGSNjbNOZUZ2BYvXgV7fOtMOf5Al4+vIAeoyyTbXbRRKsjjaSvI1ujCbJTHhV8Hzeq0u/wD4rkmhX0zY7IP1t1DOd6N0NqsMEi1IrKoOTWa55r6a3tvMZOmAyfkSwFIa6F/TVf1L1XbemiJdwJpDMaKQKrOsZIUuVJBqyAKvk6ub55HCcdbRzu99D3km59Q3LzbXbbN55XaZ5yhVJHOJJTt3HnVfZp6jtd5Hl6rE+025M7RruNzM8+1VchIY0QrRBB/NrqJkh3XpspiZAk0UWEhA4QOrksO/Fc/bVE7fau8uG8UmT08QxBVpXj6LRGV6uhzwPpqoeS6/I1lgUnSRdi3W3mKrGJnZtv8AiVCxMM48zF7TLibseQNOm5Rx6eyQbgrvSRGzGJMQIetZBJ8cfpoGz/B7eTa9J9xMW2skcJaJsyjS9RnJCgBewGpRzRLF6YqRbh/wkrQxUiqJpBE0TEZsKA5u61Dzc8Cj4yroLLNNHH6kw28WezVj7pnKuBD174QH6akX3CT7KN49uI5YtzJNxIzKYzHjiSR3y540Dc7tEk30UiqE3MWUzvLEioOkI8UzItj9tMN5uJ/wc6QxCRlkjhDyZIEerLFFN/lHYaj5jT4Ir6DOd1+F30glCyxbmWONlhiACJMqAFWB8avnbsTGevKuDE1GI0DcVTUvI1jyS7oxeopiojDuzUGqSXiRjmRjXHjT+k+qesesbSLeRxbCCOQWFfrzMCKsWpUaFJyVg4xjwXPVYFX0z1khpCX2spbN2ZeF/pB4H6a8+j3e+g4g3W4iHwkrhf2sj+2vQ/UxL/o/qfVKl/wG4LlFKrlgSaBJP99eZAjimP769Lw6cXZyeQlaOw/h/fb7ervxupTKYXhWMlVBAZWJsqB8a2+dcv8Awe7Ovq+Ve2Xbrx9FfnXUkgcnwNE/1Ojl1G0q0CbdpHaxo081WsUTRpx5LPIQoA89/tqO13kW6/GKqskmz3Umz3KNzjMio5CsO4pgQaHftqLBwLND/wAd9cxv/QfUpG3Mm13MCLIJEeJEMbSxt3Mkrkgk9qqvPfXTaDuMsSfdigLPiwFD5N/40VfYJUeSybSbbbjeLIY80apg3tOZsOQpJNf7bOrCNLF0zhmuPvVKyCta2a8+Rq562s0fqW4WKJZOq6shXFDg9FVcFsRV8n4F6W52svpkBymgJ3GeUahW5jJW1cdwb4/63r5rJCe7dUkeymlFJPlmU6ZlEw9zO7YJy5NcCl+f++2qadR45ZCaEbMi4MPcCLVSo54NjWgk8EalsSOtHiGHucJ/ViD5Pg1xoMnQjieOBAFDoxoW5YoCwYk+OS311zx11uy6ZV3Mbrs2Ygx9SGKRCoNTPKRjeR718/H01kpHKGCtJ7WLKTGy0xH+w+R9u+teUPKRgChWKIQx2p7FyoskjkAnt5+NWspNt10lMEqbuAQTK8YULGcaDJV2CBVfA/XdyhCvoy5vkpwQRQRMZJpV6cqqyhSAwVSSWUnweCOONdJ6BAu8lE1ug9D6W+xUlo5JGydo0GJIJUHmyBWudZ+nA0ykyRHFAJFyljlrposgHOJCjHvzetT0j1PdbMb2HbRONp+Ckb1JmqWeZsZAegvFnxQHA51tgkoZNndCnFzjqj0GGWDdeqGemXbenbeBdorkqZNxv4l3EkgUX2TBQPFn51xf8S7n1Ub7cwTZSBNxLhGwbFFapAYbagPyk/bv8dJ6NLPs9jFLuNwX3c0Q3O5ZkAKsqABbAIpQAv8A9dY/rm0OziTd7aJTHM8kYilFNHJw7MjOLFg8A8c/tp5ufeC0T/cUPEljezaOZTaJP1JZJtsxaRyCY6NX5FHS1e221eWMum5SFS7hUMqngHvdaWvJWT9jfSRwsqNbEe4EgEA8keO+tDbCD/T91SYzh4i7MrV0rr2Vxx51SYOAobljlwDf/f01sbaHH0/eZSR59ESst0T7lOKWO/a+de5CVcM5Wm+ifp3T6MoVvccVCnHqBCWLt288aBO3/qZYYAiIKLNXyLPf51X28c0UqPGp5Bpi3tJI5V654/5aUkrpO4ZM0p4wrEZXQ7n764pY7ytmt/iHVag3AEYZHhjkfpf/AI4o2NEkj6138HvqIzDRbba7kkSkZAA1GhAcpMGq2BHb7aJCzK24jjZSpkgDA5A4dS/Bqu5P31ReRn3MEwBV1ZhIz9pALK2AKo8DVwbcqkheuA427HdtAyFZ491ElNajFiGxYXYB4A5866z0qDfbpNzNG23g2uxhXc9KR6XfyQzV05WVrIWrY18A/Tldi7Teo+muqhhK8UDiRhXUEVKe48gVz3H6a7b0pT/pP8QQCDbqV2HqUH8+fKTcOm9edo8S4rKyW44odrs7xST5LirOuf1rdR7hI03MBQet+mbUuqnF9nPGis8uVkMzHFFvwDzd63t9M6xuomhjyVEAYEsXkZogoPayaA+x1wG49R2hlkP4nYzO38Tei7hWKkLMiQw3uJ2IJC+EF/XXZbzdbT06OCAy7OIP06V/c0atusS7Hih7qs9m10xdikqPIN+FEe1pmWYpIkqF7rpvxXijzqxsfUZ9j6bJLC0cc0n4+CcEI8rwzdR8VQ8gGuSNYvrsr7fdy7d1OAMnTEisrBb/ADijfPjWB15swwaTgMFAJsIbsftpLI97rgxSbXHZ7/6tvpItsgIUwZbBqizEnTjZHOLUQT9zrhvU/VIZt3udzt5ZOmjuiQOoUxxMQSj4iqFgHnvqMvrfqu52m0h3MsZwWJooUJxjjVERgCeRXAHfnWQZIpo3iakIRktgWDFrs2T314/lZnlnS6Rvjjqueyy/qiQncrLBmrwiPbJI5McQdQLK8cgcKf8AOg731iHexRRiCKJUdwioeSSoBzf8x7AD7f8Au1m7obZBgjtSxlBmKBe7sV48DWaCystA8kX9SOdXCOyCUq6NdjW0kRlRs1mUs7MaPBXHE8Veui3H8e75V3Me19O2KltjtNmrztLO+MEZUsCrBD3JHavqdcejE5ASE9UgAKTQJAIBoHjS3EW6inaNFyKnIBgQjK10GAoUddOLaEuAktke1el/xB6TvNt6Vu13vSTdREiB4SZFYNhRaMGuQe51i+pev+k7/wBRfbqfUdvLOR6W09QtCXSUFTZJx4y5rt4vtxg3smz2kEe3ZUyhZkQwnpmSW+qyoT+VjlX21hyzqViRgLRXaTF5F6jWT+V/I4GuqWe2cS8auLPZ/Tn3e12O6feS7GD038I8kUQhjhkijBVc0MPsxa7awSC3ejQJF6t6e59iYLLtIFdjJK7RK1rHEVx7t3BJH0149F6h6j0NsevuCsSs0KOxpMvzUpPY0PHx8a0IfU9zto+o+5lJZWMQFsHLcPZAPbXPlzNvhHV46+NVLk71f4x2yy75DsFibabKePbe6V2mWJSxhUhKVvPPHHzxoW6/iDfSbWKXaxxbToj8XFQW1dhiMmew1891F6430uXZ7zdRYTyUI90JEljIS+g5oFTypF9/j9NWPUN1h+JWZqQqnUcD84zrMgHiu3bXHky5eIv2buu0R3P8V7/cQbmHebl5gHYqsirQJpSHFUQPGur9F/iMP6dspd1uN0H5UzLHtYR0axRNvGtqqcUt8+fOvLJ+qsqTohAM4VQ4GNqwK5ffWxNLuekyqFxMebRqQekQKOCgBeO3bzq25QprshSZ6Buv4mhQ7s/zXRSejF1KUBSwYkY/m899bv8ACG7O79Ijbq59OSWNr6YcEEGyF8HuPvrxqDczbVooS5ZZkYI8lMFOWJcpRNfHftq16fu97svW/SX9O3JinmdITJ0zi6k0QQaBDAAV/wA+BriyzUtZdMUvy5+j271aSFPTvU0d0V32O5CBmrI4FQP3I15NJu0VSUpumcX+Dx4bR/XvVfV5tuTupJXUdQKMiUJDXn0zyD2AsfOuc2e5XcLMrPdMFUFru7qgfn7a7MHlzuUYfRjOEZVZ0no38TN6SN1/KjlO4kXMOXJjVLr8n3+Nbo/jXb7qOZE2yZKDkYppFKkc2RIn/PXnGUYnTCQAsZEWyBk6i+x/vqxs5Ym3GLbhIZKKKJm/ly/PvUEcXp5PKnGLtXwSsEG+zoNzut3Tz/i2V3IdAikyAD3kxuDQr660P4d9dh2u59WG8l3jrLv23EgSKIqxfb7ZFcuxyyoHID4GsDd/8LHi8sjItyuEaluuKUdx28+dCVpNrun3ERhllb8POHRs47MIFe1qod7A81415WLyZx/JM6Xjh0z1mD1X0rdRJNHFvBC4ZhI4RAK/+165j1H1wSyPtollZElkcSvKQ/TxvFVUV9Dyb1ycXqG82MXSGBVgXViDmzSgkP8A7RiD2rm/11Xj9TjlaRWDiVcVYGrKr7clF9/nnWmTy801SCUMVfiuQ28aTdxxmNHEvVlVI75jXmxz/wDGv21pS+ozbttq+4WJZ4oooYgFjCA1iC2IKkiz3H+NU13CMxlIS1DFT2xAQmkAN8c1qvH+HeQ7syOIkcPIgUschjwo4FEVZJFXrPeTevoetkeCssqOpUEpGap/dYJxPwbA50KAF5d3GCEEUCuODXvZmNXY/wBv76U6tLtpJI5j0WdQkam/w+LiIo31BYnz9tKaPcxybF2LBp1m2SyKw6UjYl6N9wpX9L1lHE7dlXwbSJt41e+lK8TIIXCInDCWRz1AciSTxz2FedZ0W9nZInkkjYHCRQNlGFK5BWyOV6xdxv8AdKrRB4wVwEjJRQWKOBHkEf51RM+4Yqkc5CWihxYABpiSK7V+Y/TXZjlLVKkck8acrOpimllHqCliSu2m3cCxwxd9vIkoJIN1jlX2Ornp7rN6htNuZZFbdQzRiSFo1aF5ts6kqKI/bnzrktvvt0nqMW4gldWznePFvcESJkA4F41+962dlFK/r3os0ASP8TuNruECURtIpCr3EG4xAoKCDzY8c7byrkuEFwzovS/XNs8232m6WdIZopIVAkQyCYxmQAyOKA5N8V2+OVuvU/RN16Z6rFGm/fbwttZJYE3UX4iIlpYwUdoyLJ5IIPx544tv9Rj9X2o9PZtzuNv6lNDG0hjxlaGQuHbOoxdHK+Pb8a6rb+p7n1Pa+obOXYbeWVd5sZ45oFP4mUGZY3SYRDnHuCVH69zStcMtttluH1r0v0WMbOX+XOSdzuI9wEaSOWb3lS1AH6kAD6aWue9e2u33XrPq0kr4MNy8QUZEBYwFFHS044YOKbRtZy0hkEvtYkWFMiK7qLHf2jt4/TWvtfxske7QJiu42u6ZEaNgCYwoXlhY55HGj7XeSbPbpCuDujLGLkcQhAS5AVX4/f5+dQm9X3pIJiiRz+bDqilPuxpm+x1isrb/AE9fuZvHSIQbTdxSRO+1lLAZSLTBVDpyAfN/bVV9lvYek0iSFjLeIBJ4RmoWO/z/ANNaO39WnDytM0UalY8cMsiQMbOTVqbeos0iN1b5LLyLDKGQkED4JH11m8jTtRKWJtFOXa7nbwbgiORuI16ihlwdiH55rtY0Gbb7iQbUYOWllREU4hpWcmioJ/fVubeGTpqrJ7zFizDmhICRwPixqZnUurtRjV1MN+COe2oWWXbQfCS9M2262TxzP6d1ZE3LM8bsliEIBmtuPcDeP1Oug2/qaqm/2Q9PSNWh9a2sCzL/ADik26O6iSRzIAPcTmwBHbihY55fUNxG+23CvGzxkvg9lQwFg1XcHlftqjvmm9QnfcbreSPMyWCTEQqjsKBH662hO7tFaarg6OHeei7Cbf8A4n1Da7jo+oel7lIDEuW4XaQuxgaS3AVWpD88Hmtbafxd6Tu2kQxo7zuk08232kM526tuRKUBlpiAMjbL+YCh515kdoOpWbMAyq1oF4qyfa2rMUcETDopKmZF3nbKDwTR51u5JVRCi32bPqe22W9cOWkuSEqWLDl1lPuVL4sVwaOs/aekgvs5RiqRwzLMJZsHYqHUYKw+asWe3HfTxb/cCMiNkAAP5lBIHIu2s6lFvZxJIKVuTYBsWKFgk+dZPLP6HHHHqzR3O3YwxENEHVIh/KYMBwMqrnv2sayH287TSxhl9qqWBNWW7UNXV9QdWBMSjySpxIOhTTqZWlidlNMbYqbABruPGuSMZJ8oqUF6K0O1TcJAHldSTKxUgAWHI/Mx5HY/+NX9jtfTU3XXZxLHtd5BlDJj0p0ztxIDdr8V+us8bqVEiLPHjEjRoCgICkVyVP8A3+ulNu4pTK8SpEuMQpCWsqhUsSwvk2f11ulL0Rqjs4t9skHq8e2iVIn9R3j4e0FwximWONgLonIG/Ff7dYu4Deo7vfb1uls5pmT+VCpCKRYNKDX/AI1hw7iGN2eYERqj2IbzYlCAe9c6gu8lYgWzhiWXjNuaPceT51p+fJVRN+eKToIJtx+JKnFCbiWOMk0lGyR8DVWTZwzbiJ2YCMmQP1AWOJKEix80a41WDb3ciMJHO7l/yRwt8CvbGNHEHraBI328ygOwRZFWNiApazfPk99TGOWhv477NPe7T0TriTZSy9PoxUs4BaOXEB2ofmHfWXv40aWKczGxEiENgFFDAkCPsPI8+DqwId46VgxYq10b5/TQJPTfVGDBdrKxZrOWNn3DvZ0Rx5JPoUvjXTCenbTaR7j8XuJyIVSQMsQZnYSQSRqB2ANkd70MIrpEhlidogqO12C6tyRkOw5rnRh6R6rLhGsODEDghQAFU8Eg/toP+nb6KOCN9nIsirLm4YN1Llu6HahxqpY5tcr/AAClj+zS2+19MhCjdO0qNtxUayJFI0qLUchcgng+K5vRGPppTZQJuIw8UTvM5BLSTlCtggfl+B/fWO3pu66jucyCgFAcgiq7mtH/ANKmiA3LFqACgZKPc7gLwBqHgy1yn/Q1kxWT3mzjM7zRTKOmzvgSvLMMyAAarQFjYq0ckUckuMX4JpJKiikVrZnQA5CuAPr9Ob59N3DTTOojoSuCJJSWFiq+2rWy9J60sTzyKnQmMDKslWYj34Qmjx50o4M3FopZcVOiUfpH8T+uq+426+l1uB+EVYtwFEbwQg8J3Fgdq/q1zG/9D9S2I3T7sbZTAUUiGbJ2csFpAo78g9+w16VJtfTdlttunp+5liAnndunIy27baRQSQoPetcsNtIcxK0Lsz2xkuQcHzkP+WvRx+NLl0csvIhwuP6OR2kkKzOky7gs6sjgKjFjJS9yQeb11Wz9G2MoRzt5oRBTRFgiEOWH5emxF8C60aPbPhNztOREMeiMva60Qcfpetcu0cSO0sLLndImK/Tjtxrl8rBm1eiZ1YPIxL9Vf0U9z6bFKjjcFhGhRyzIrEAMGoC/I1TkTYIctsWBxCC69oHavp41pvOnuX224YN7CQB/u7nWbH+HaSjExpZgwU8FkcDm+deU8WZcNHZPLhkr4H2vpfqXq0rQbfbylliDqXmRIwCfaXcmgSbocnjQl9Jnhjgn3XTSHcTzdPEnNgjmIh079w1HVmOXcoWeIvC4jaMGMlS3UNf0ih7b50LaSI8WzSabB5elIgbI/wAx2Koqd/AJIrzoybQjdGOOMJSJrt/cIImQ5SMwkxBIjxwZR4rwPufA0lgibbSwxu6wNIFOGLmVUPJYMKokfpWrghj6e5nzIYtHHAAaCwxggD7WSe3nQbCBRGGSNIwMWvIALRA/Xn9dc7zyX6TrWKFcl/e7zZ+obbYbaDbtt/wu2O2cxRRkyM5Us6qoxBJHf63rC9T2U0b+mpuF3KJ+I3HTqBS+csJYEIo5PHu+mtXZvEkskzh+oqJJt2iYgrOGVxQXjt/fVXeTJuH22/kyZ492J2XqNIzyMHSOOQmhfPJA4+ut4Z3L8pGDxRXCMY/w7K64iVYwxBqQEnk2cqFDvxzop/h7drtfwqT7fKRnZJKcAIGVqkKgknXS+m7w7SDdPuV2k24mxEboplWBTY6cQZa+pP8Ac6Z2jE5mJ3z5KimNAFiZlBNhTwB9b1fz80mL4I1ZzEf8Mb6OeRpN5tlEkTRpgJGCIWtl9/8A3z9eNXa7H8GdpMu6SXc7HbGF7XFJNtAH3irEB2pigs/7Dq+8xYxosIsc2HD8GjXt41H+cvXxj4aOWMq+KgiRWQEhQSQLsCx3/XWizyb5I+GPSMDZeivt4IN7+LQruYYmeHc7cF43mW2ZQzEMAexAB5+vOlBudn6ZJJudpuZX3vUSQnYR9BpmGVo2CVjzR4NeBfIYbaTafglCbccxxRqm3fJuBTuHZhagX8c6uLE640zAkX/KbEdrul0SzNyuwWLgyd8Z97upt1J6fu5JJyrudrGu3hVqAxRJAz0Pkmz386WtuPEqPd5PcE/30tP/ALMg+E4WNlRkdULRpIlABsGkuwpHfkAg6luUjSdumGxMjDKyfggKW+Py/Wr88KON73ELCRZIx1ArErl2HJ8ULP8A51WmdcXyYZAqqKDdKpsd/wBdbaswUuB6R2cBCajDvQJ5tVy48aOyRgoOF9w55MagirtbP/jREIYJL7QAscJC2qjBbUkgXZH5tV45s03S0CY7MeTEEWKK2DX1Gr1sHImS4DYrxC2ThRZpu/Px51NYt1MqFHjtm6GJZQCy48Anvd8frqsp/mSRh3qSFTxyeohoLz/fnRI5solCVG4nXchm8OiEAgAeK501FPsnZ+i4+y3imSNgqtF1MlBFnpsQ1V9tCPpvqAmnXoxP0VzPuFOKDDGuT47fOpTbot0HZqI6oci/ztbE2D54N6Ps9667gwu7LnhG1+43GmKPzxxS/troxxi3RnOcqsrt6N6h+JiqNGLSmKxJ7QxBrKvmuPtq+n8Iep5qZ5II1d41UZuxIdyobiuBzf8A10b0/fdXc7hJgFeR3/DFeMZKE8MdsK75Y8+a860d56vKYNnu4JIgI5pAFPBI6PWIK3eLGh9/tx1xw45Q2s55ZZJ1Rys3pbbUmN+TiWU03IyIHF6aHao7Pl+Xk0Us3441oyS9bdFS/GCmIsSw6ZNfm/X/ALrUY5YndCLGLKG8DPO7/trJYoyd2W8rS6CN6NtoQucjFsELYRqVJPcXd8du2gTbOFJHWJXZQq/mCqQx7gfTWwWUi64XK8u2DHE/txqs7KWi5Fg4ycE+RV199aT8SNmK8h/RkQ7VMY+rFlQYt76B+NFGzgLt/LCxsFtFc88dwRqyoChSPyygkdxTctQ1OIxsHQkBloAV2vteiHjwuhSzTqwkEHpMTFl2UPAUKJWkcA44nhj586NGu2D5YRqBwAqhVAPwBqshjZBbfzObBug57XWiRSo6B1QUTjRIpSDibJPg668eKEX0c88s2uzag3iQj+WACfgUf10GfcJM3J5Nkf8APWcs7EsiIiuLdg1EAKfdR7/b76TO+Ecje2OT8jgjDH5J79zrsc0lRzKDbssiTEw4t+aUKyr/AFDFiQP7aMdwEPL8e0mybAY4g38E8ay0Z3UyKSAkxIAILKSeRepoD/ONZWyIOQMlCg9j8E6xcnxqapdpl/8AEMeFY2TybsHxdj/96SzlmwtqlVgtGwGIsc6pANlS12IPKj9iePrqcdNNtaugxJ9o/wDxjIkkfbWkslolLkn1Sa55GJPFjnSdmfoq35Fl6pUtycAa/uR8arKzdISHhDMImNBSxJAApvuBephBIZGc8RMIznxlIRksa48cd2JPFfJ4jJkWtMag7LQcdT84GYRHL2ArIMhke3bg8aIZYoDI6SdUAGUlEYI7VRoE337cayYwg6gL5dOV2Qe5srNljfNeO2rUYQRyXFLLGLzQnp2Cw4LDkdzRvvWuRznK5S65OlJKki8ZIx1gzBpFjSQdO8MmcAqGBvgXeqjSoJGvgH8t2Tf3PPGh7iDdDPoruGR0R5GQUIkLciRgMbBFXlzX1rUemyxTs6YzMqrErEFo4QbaSTxbeOewvzreGZeiJY/stRSgrN7gUAAUWwLkGyK71XJP2+dFkcyBCAAI2/KpbFVC0SVN89rv4/bJh3IkizoBQrt+QkFnJJAr7aKsyOI1ABaV2VSMqsc+e2mmpp37FK40l6LjCSyFDmzdpzYPHNeDqvtpHWbeRuqlmacR8AsCJQckY89qB++qk27e5irOuEDhArAF8QztX29vnU4LiaBizdV4DGKslWKBvPHFf93rjnNbVRtBcWbOcChA2a9TKP24s3Km+LHxeqSCB9486spi2qRbdGI9wlvF8W5UeReg7vfHbKjlCa2jP7gR7wMLJHHehp4oukkG2SVeiBt8m5JMjRqWLE+bN65/LiptR/8AdG+GehdE/UiT3CnDMoLKCFiuSzl+laI2Mke1IYh36bqe6E40DyL/ALazJVEcrpRDRxLG1g+0tbFTx8Bf3+ui7dmO4jWRq6eJQMfaFxyJv44N68PN4zit10epizqT1Zcn2uLrGZT0mEkJwJORsMygL/Ue32Y6jgsEiRh6oSbyZxGtCO8FJJ4+FUccjTbR1eWCRg6LDBudxLKxypyzDqMq+6lpqB72OdBM2+/DpLDgV3e9QRkkuSrEyIzA2cUAJH1vXNGLZ0SnaNWCNt26pkiDqwxdNgzyFeboXiAD3451oTbR4NxLAxiSOONVkllsDqModVCjjt3v57cXrP23qHpzASTsdxMCHjQxKBjbYqzIyHiuDdk6C272/qEZk3Um9eV91uXWJ5HRCmeKk82e1/XWkMdJtkKeyRorhHudxE7IrJAsshrIIQOmpVQK5+4/toybRDE0kbOOpIVjzIbNo7LmgPA5oXx9+ZTy+hRQGRIdy+4YR/iZijxvKVjFBpH9tWa8gC/J1mv6r+EjeDqp+J3LxwbecDqDbRyyI07pECGLteN+a70tCapo0ckkWp9mfxHpa5UZN26e9bYu8TE5D481VCx9tQ9Q6WybptIplwzwRMZSL/bQ9l6h6rtDtY9lsZNyyZoBOYWnlllDSPIxZyCeDXbv20DdfxLvt1Mybn04Ltduol3cUSJYwXNBIWQUpocX47c60hFUYymzoNn6zGdvEYpYokN4xlCWTns1cX+/30tc1/8AyIyfzDtoYw9OqCN2CqRYFqtf20tZuEitjkCBG87iOVounFHIDkS7kgMe2VDir/56BuY4A0RV1c2qPSlEzRsQyj4I550YyqzTGbqAyxhXLFnKPGbU9+1/50OSRZo0CgF03MdHjFgAaP6X/fXqt1ycfFCjZSm4Q5VHniQOWod7+vj6aAqpH+MjkZldigQcimAJIN/N6n7Y5JwoLYsSlW2Vij+3I1B1b+aCCVCYzuoDFeowWyG+vH66pMT6IrJi3sCnFwwbsVIAJII4++nhkwSI5tbAKoABpiWHPP31HLKAGRDksshvhQ3tAe6F328+NAuwuHtskjkACq7E/b51VWSy4zBBGsb5xsEa6xxtaYEH6/8AfOgwszFmUtnlgCL8igT+2htLEY1UkYjIAg8n3Dmr50mksJHGQTYrG7Zs+JAp81qlaIZpwTp1NooNNmSWBu+kq0vBB8Ed9XZJmbbolkMHnYIAOGMLR2eb8C/A1mRrMZ9o42706s7nCRQSgYvlx3Ivj66iNzGOmobKRPxSysKBKsMRhYvsDZ+uuuMqRzyi2wyu8Lu/L9Och2N/kjAFdvPj7akHcbqJbCB3mbHx2yH6GwdUer7lZmNScsVN5sFHJ++jdT+Yn5rRzECGDLXTUrRP66mLropqzag3heNAx5aGUtGaFCuTfnwdRmlWOMSMSFDrkVJANNY51TDKsiS0BGJWQi6IUiiAoHmr/wDOo7iVzBGpZqG5iceAFXyABVCr11PI9XZzKFMsSY4bYFT7S7D4Y4kVY57jjSidDOi5AoUyAB8Emg1fr++obqQr1O3sknah7SrZnkHvz376rmZPxG0I5tVRlU4sDZYg39+NTJ6y4Hraotkuq7uUMP5U0sYINAgFZF+fPbnzqcBjG6eNCCjM0qAMFQlgRj7vHGg7STOLcwCwshQmla66JXvXzV6rpK0I2kjFAUlLAE4qMTwGJHkgH/zq22qZOvZq7hqaCRQx6hMExVqBtSEA/YA6LApZNxtpSowXHF7pT+ZG4oCgaPF1oO5DzjeoqoFlxY4gjEyRn8vHexa86FtNws3WZ0zk3LIvLCjjCiliFvtWtW+f5M1F0EjmCz7iFhQeAHByTcyAhnU3fP8Ay0bakSQwu7KTjm559uYADLXPbVV5J2lPTj/mRO0cqAEMIigjwdu3eh+urLSFS6lSqvM6MlNmkauLCuOPaBWoxZHtT9FThxZONQ7zsjKFZY5Ir/MqlmUDJgO9X+mpLkZJmBY10lCsQ1sEK+GryTeoIZZGnxiT3LE0SzSpIQrOcWxf2kfI+o1LctDGwHWYYmSwiknMDsAgJH08a0k6Vt+yEmDIOWAZci7IA5oD2jhjXb61qRIAhjbJoYcVQFgodkRpGsD/ADX+a0KWQtMo/mNm5GRQlQigBiDfkjHtpnmzqoSSdyliJeSoX8o5u+2sZq5X9Fw+giBkl3YeLqKpkZ5EyCqJGtRl+vPbtorEGJXUmyjTFE4MXvCqcbur0Habk1u2AQ9WQSAsZFWRcSKIHPNXf11Z3eRAKmBgiSBUU1X8sSFncmqsYjt2+vGeS4wSNYxtsNuHlbh3MiQwIu4KMP5bEu5yDEMeWOqbxtLHuAGWVPxE0IamVHSO2k913QUUfv8AXV7dqn4TcNIhebdTUqCZnkiXJVDmmrLj2k8UT+lDcyRRSfho3LGSeQzMFZVkhjBdY0jBI5bzfYazhO29f4NZwpLYqI8RBMKOiU5TAMQMMYwHLm6u9Qg60hV0LCOJGcuCBmc/eATXJ8fNaZsugAmKEbmQB1ZrIRMzZsi2Y0L+PGjRQrgEQErlDEB7sS0syqFIHFC7/TVxlz/HBDgB3CLPudvEAgjkRGZnQKsUAkZGaSgD2HbzY1ZaZFdY1RxHEy5MSWJJQsxNiq+fj/FXezj8RCsZYsDBDESxOKIWSNT/AGPPx9dSgDSyzXIa97AOOZJkBcgX8865lLZ7v7LikvxJTTxzTQRTMyw5dOWg5IiWPqMQr/JIKjWgx3W0DREZsjGRqXFZVkUnbyxGsmVx+U+LI86rNARO8mRHUiZ1Z1IZAT0xmr/NCj9Nag3OymB2QIaIbcR7WUL7oY8kk3Ea5G8WHb4bkVkbyyN051ff+jXGudb+io1pIubs3VdzKSCFQ3WKG/HFcnTbiR0g2siTdTcSw9GXLEKZZWJKKaA4WrN9j/7eam5lGW4SDcUY3k27I8IdWUH86Ymrqv2/ax+KQttE2r/y0XoxxmspaT+ZJK4F0OMiW4A/flzTclGLR0wgk2yJmbb7eSORjFJuJOipGQLoEDEkeQcmC0f8UXGLnZgyECL8qR0WQSN02PHYHt+uqizRRkq7/ioE3T7iIzKelFMylR0gAGo/B4NduODxTxq8U+5iklkSRZllRlRnKZMqF+eAfB7ciqOslCnwaWvYSdk2YjEEmLYCZwVJGKuQrAgdrAB/bmrMop1SNer+TZRAe00s8rRqqXYvjl3+eB51SBLddpypEommiESvlGVjdjkVoYn8pHPz92SdOhiZVe3DLUfsWvYVYsbNAc6pxpURsrfJqrv52EMk0haOOMYxhlCopAcqT3tvPH+OR7bcbd23G4kkil3aypGkaOFbGFiVdTeWRYnx2rWe/qEqrKS0DsyBGKQRRWooDDEcffQdkEVzL/w4EBJ90R6sjyDp+whqtRRN15+NR8UnfBXyK1TN2Cc7WPE/+szIQigCMSNbC8u4F2bu6+uhwbiHdmTax4pLJuJHkN0JjgQR72xyHZf27mtUvxcIlhVlZ2SHIBkHTD9mZshXAAH66HGdqERY8ZGyk6ipYZao38W3Yc/PxoeBqyt74QtzuJZJ5SNlJwcKXrKFx4CkAVYFXpa01hSNQs6y9Wsn6kUbtbckFo5wD+2lqdH9F2cm7L07YsHBXqmQkX7m5A5sDvq16X6R6vv43n223raBjluZ5EghBB7q0hFkfQH/AJa3Y/SPRbi3MjRnCzW5cSM1eXR/YK7gYH76ju9/6Nclnfb6RDUIZgkK8/0LHRodh/116vxfZw73VAYv4c3MhRZPUdlEAemzQFpioHuYBmwB8Vz/AJ1ZX+GvSVlp/WJmRlKOiiDOXkSVaBuSeRfb50JvUZSjPttvtoHrAhoWLqKBUhnNk/StKOT1STBHWKc5CRS4Ht/+VVf2N6pYq4Fu2Xk9L9BiWSHa7TburWHk9VcyuxxBLAlggb7A6Cnp3o3UIH+mr+Q4BFkLhqsqOAB8k1/fUptnuTKkymCEyERvIoeUhbIIwYUPrQA+uhxRbZOsC+6kkDBWDwFUIHfpgi+O/wAaei9BZrbfY+lLxtpPTzK7Ymo1Yha7B14P2saLt09PR4wVhyiIuN1hgZncEZBQxJ+PzHWBG3prFiDNLIpLOVjDYoCQMiWoHx+mjNNtolEkbSGgEJWCMhTdEZHi/njS1+kO/s6J59vBIziXaRiRkO5kyZlCqlEbdGux9a/fxU3W7/hbcFpJHhlYKsUbHZxSMBdD/wBZSv3N6yJdxtVCs5ldiaxDIVVKHHtoc3XfitDRnkDSxK8cKShLCpa8FqN2P86fxyFug+49N/hScJ0tu4trzWeRFuwpVUhUIBxfGgyfw5/D7yK0Hqe5ib3MwMWcK8UKMnv+51Jp8FMi5tkrHNmYe66XEHx5PGoTb3dPHjwEY5OFAs/VtXHFL2TKcekitvPSp9slx7rbbn3NI4j4b3sw7Gx2rzrOlSRFgQr7WlYUD3CAgcjV7qspjyIKri6irFE5HjQ58JHDcnFwVo8CvjWz1qmY0+0BYfyzmEb/APtL7uRkFVv8VWqaJW62pAvMRUK4zVVW7Pnzq24Y4nhVk3MpwBsnqqwB+1DSSNf9Q9LCi0/nsOWPMcYPb9NaauRm5VZOLODcSqFIFlWs/lIViTz9tAmiYxSkDjoBuCDyGD5X88HVv82+m5AQrI1saoe5u7aeWNx6fLMqyBRGyo5AUOqgITZ473+1a1cOGn+5G3Nh2liVZCGjZZdokJzyyNOzp8WQOAa/xqpFhBIT7LQwyis/JZ6NcVwPOj7pFSKbnlYy748kCNYyAb576k8idaVMR7YdrEcTQTGK+L/750Sg/YX9FJmeKTb7m1sjqMMywYxygguCOfqPpo6tmfxDwdRmBIVg2MjSZMzMi0LFkVfnQPUZSzwxhfcIiDgApuSUkD4v51bRmqBQBhFNEltX5bCdv/sP21zSilkv+P8AJd/ii0pkQy4QMFRgFUYpIIlUupYvyO5H6aqvZldoovYoVwhkv/1MDRNG+aH6/XV9iryb1cTyQoFMeVjA5IF971XnT8OpELNhO3/DO7AuVSQRjIqB2YD+3zrfPcNU/b/2RjWydFJcysbGKUgddaVzXSi5JtRf5r0+4j3Bm3iNUNSF8SzNh00QE3YN1q11Gi6SJ7kin3QVVJpgEAUtXzz51F1WaefMDMpGpa/5bPMoS2Ym8rFnWeX8Ui8cbYPbQGebdxBsbeZpHAUcYKQFyahXf7A6uhYGMSjcRjbO34edo4xI9BJORVgggFgf8HnQ9tkZSyLEEil2yMWWgGIqQ19+BV/PjVj1DFdxv9okaxN/pzlAhxMbECDj2k8AnEX2153keQ7UUd+LD+NseaZcjuhu1iVALWWOZZHY9xmvtFCge3b475s2TSzTrlIRDJOuRxEasojjYVfACkj3ea86tzSzxdSWFT08WYjEyNWWFEkEWSK7edZhSdWdWDq0ibrIoCg9rCUr4FD4rzrqwx/GNf8Amc+R3KVh4mg3C7+JWmDJFDJPIyxNEj9NyxVay888nxosbCGVRGwkUT7SV8FolY4Wa1piLU2PNnWd6fkNzPcQ/mQt1lGVspqww7UbAOryxujbIO+J/B72ZisdexUpRffuGIGs8lpNBFeyruIH27xToepC4B2spxGUoXiNwCQGFi1J8g9udGWPowIxc5qAQRZay9n97OgCUJPD1erPBJHDPLEjBC5CFY3WyVDjIlSQavtzq00kYaaA0/UeKSORRRMTY+4D9DfOrxqMpNP6IpqmgfXWyrNmY4sFY/mwrqBQSboc8eDerETbcRYSI/4iXJmZyCyqpeQqCLFsa/bVDcqem4jCh8linA//AM3YgOoPx2OiyTRs+4ARaCCJQGzb2W18cefjxrOEdv8AH/2/9Gjbi3JkUxkV5bpYISjBSaycBvpdih++pTGSPbbd0GMEyx54kBWA9wQsOfFgfrzd6rfienFu48h7WiwGOQUvGEyAPFgHxzz9bF3cMkcdw7YOxyO4JaRHiU8APAh6aAGgjUe36GMj2n+yKitV/IHJ9skaWMZlbq2TTokhcR4iz3N39NQBVmSRVoLWOVZgjySO5/TUI12pOSO7B5KeKUBVKg8gOp4JNkGvP6alLaS8hiJSJIziQzK10KHnwfqNZLHzbHb9EycI36xeMTw7jDgFmhvEyW3i7AFC6PwLCplh6UZYFOmvTIrGQKT7kruDdnRBtN3KyosUsjAGMENHkMVqnDsDQHbQYJJ441V4hJGWzMU6+3x7lYiwfqD41Wi9FWxSU4dbAyzUtiTdFSdWNim3eOgXcy0GUxgFQO75BjQ+bGoOUADpG0cT2I1MglodmcEAHRtokKxlS7x9UtIcFJtI+7uw5xJsAfQ/I0apLYE3dFhNttjJ7wwV8o2ETEl2FMqICe/kmq1KYbfaso2xZt0sQWEDP+Q0hKu4z/r7hfgWfszRtEIwsozEb5hhMjBj/MUuGrubJv4Hijqu87rhFG0hZo1VmjJVqJsqpYWfqT/5zabsaer47GeEBirxbAleP5waWT7M1/20tQ6SP7+pGuXuOHIJ+bB7/OlqPjZdy+zSh9P3u4bE9OKJiDeTEGv9qgX+7auQeittAqGaGSaWYFXQKkqKF/ICCTXc99aQEhDkRSI9m1XLFiBfduKHc86z591Eszxgh5Pe/wDKZukEVa4asu/fsPi++utTk2ZuKSEkKRDLcTKInbDbhnOVAgFl88ntXx3+CCfbRzSIp5RLmY1YUtjUhY4gHnjvz9Nc9udztx0+lLLLuBL1nmB9jO4B/qN+0cDtXfUNzvJ5pUYOpZSGYshkBkVrDM3Ymuxx1v8AuZG5uPV9uHRNvFBGiIzOk0YLO7HFFwWyB89/251Qn9S3e7Z+u9LN7Cgd47Hx1CCQOAKBGq5llVFkdoVnDfmVlaUoBdkk8c9h9NBMkkojRnISNWESH8q37iTqkkhWy1LvXkjRcAkKqIwigKrMLOTBa5HjQDvJmKWVJj4QOrCr8+09/wDvzoI/l0cyeCTZsC+CLrSxFcW3PBUD2nnm20C5J/iZJqUoQubEdN2wB4FYsb0WPdbmFJ1j9yztE0tW1NFkAUvzRo6FXTBJJ6l/1f0+PGkZUsqQchzzxYPf6aLoOWFXcjm/dypa3OR8c/TRBPEzGNfbYADHkGx2JHFj7aCSit1PZ7hS3+UjUEZAQw4auQFsW3ej/wBNPcaiW8MRQ9zcEqLK/Y8f301R0MkZSD/T9e4F6CsrRofc4DH2ivZX1I5506TZC5Y1+Lyaj9ieNS2r4KVkyF/KoJBs0x9y+NNACu6gkoexWUH+qyAo/Xk6krwBj+YOKKh6ogdya06NEH6kbQyFQrGMmmLc88EH++rhNwaZnKCnwSZMNxuSRYXBjfIDMZLHzfa/vqEx68fTL5e6GEqbtmLhn5Br8o+PGpqxaR8h7qCmj+ar5548ntoRXA8kAl2kVXCn2ABb+ddkpwlFSOeMZRbiG3UryPM4KEyOXIKBQBeIFAVqjKQJ2Y0B/LbDsp/llAeftrWi9M9W3lDb7WRgS1ySII4gUVzXUcqK7337aPD/AAn6zuAJOp6cgdFyzllPINA+1CP76yn5GJ/qaRosE10jCam3SOaYBVQc8AnIjto8fTMBROA87AEgWMUN89u5B/TWu/8ACXqIeJz6h6erJ7WGM/cLjS88/Pjtpj6BuIyn/GbQqmQYgykEslE8Chrn+XFNtbFPFNLlFaCdkMcpAoMZePJxBrvpbdHZthtgxCxQNOqMWbKVnMTiK+DYBJvzVVorenziIohjKrGAS8wyLsBbD29tV123qEbROkamXbqkiyK6OMiSa73xwdVmmsmjseODgmiAZXn2YKsUO7ZTQamypQf8X+mgTSSRbncLbgVA5DcClYUW48dxrSfZzSvtpE20kMZklldmW2jV5AYwFSyxHbt/TZIHOq0paGbbOu0nCzSyBkdXkZohJkRIpFEuew+P31ObInGmVCDUrRZ2MrmeARZLKqIkfVU5rIsBZ5EVRfPABq+T2rVXcxxxx7t0BIddqwLGj0gWbEA+67yBJPj66tbZxFvJTO0TNDPOVlzRAYPw5Y0Q54LAgir/AH0PdyHqFbkEc0mzcRrj1HXpXktGr4byedePk9y+z1I8Kl6H6jSRyRKzKXdCM2yLiMPM2Kg2LA+K5786oy7hyBGUVnSScRSOGadAycoXI5U/B7eK8k2/SlSPcpMHjiSRGikLsr1JiMX7glRyD86jKQEYbhpIh1VETmwXAizAYgG18ZVx8ca9nDSps8ua7on6Yd24MTxymKKTbwxkoR+Hac0uBYZc127cXXGieor/AMV1ad5YxtsoorYhXDZop/MStlTdni/GqjpPDJtdvI5eRXO43I/Ee955I/bZPJCrWPHn68aIiWfeQDJW6kkJLuCAIzIkjAcUGYlsR8C/Pt480+dvVM1UajRi7qRTvt4Fk4inxR5I2HtjRFCsBzXjtxqzBDuNxDt2MZPUeWKNmdVCMjBywYGhWXmhzpoIN/6l/PmdjDL1+gzKZJgrTMP5V9locWa+muh2Xo+7x2+3hiVhGrhGlfKTGdw7iqrkgE8ePpq4SUIpkxhbOaljZW2hB68qtuC3TUuhCY8EixYN39exo6PJs96MpINtuHWWMAHt7mBJEgVgOPPH+eOsHoO6DqJZ/cD7wrKKbEngeB+mnl9JKZYlycVy/mAKvuF2LrWUMyi7s2eFtJHETeneoJ0ITtJ3wGTyKloJHOTMpJHfnv8AH2q0w3aIrLASkZEjv7+sz4+1f94Ve9cgk+cRXTSbeZbSOFC/DDMBibv3kHxp1h3g9zbXbIbJV8FJJNkgXyNOORJchLFbOYi2uyKdZZxt3Ec2cW+ikEJcewo0sYIF3fKjv9NNJBuxDt2kXoo7NJDJMwCRwkKULPVk+QRY5o82NddGu8WmMSZMAAMVNWex8X8asIskqmMqrMj5RKOmaL85YGvjk6zc1fZSx0jz7qR9Rn3LZ5fmXJbmJ7Zu3Yfbn4rVdHzixjcYFRjGWNWBwQLo1416JLsp5bBSCjJnTwwkEjv3XxqP+hRABGTbRiUMQw20Y9rd3BC/pxrRZIkPHI4KJnKxqp92XTSh2Ve+rsU8UIeFMk3EoxacLkkccZJ4KkeQLq74HitdTJ6T6VGQJYlFBlL4ImAIq1K88+dCf0702NCn4eFUamILGyoJA7aHJSVMWjXK7OflAh21qyEtbNI46iyk+1THf63fniiQaYxtt4yk0YlnkN7gqZDI3U4WJH/LZ5JGPb7a6GPYbAMDF0EZV6QAkZY8BxiReNeOQdET0fZJL10dRMGkdXV86yGJZC5Kg1wprjUVxyVFUcwkHpaDGSbcRuCc4zMgaM+VbCJlsff9uwWuhH8N+ksATuZbrkCRTXmrBH+NLT1iFsp7r1X/AFC49vNuJVVV60u4uDb9FGd2Z4ojmFAHax+vFY25iD7hvdNT5yFmODSCiUURRkgALwAT9/pTV2XNQ8pjlAEiK1LIB4YDgjRYnLTruJ3IVFeQKrVYVcQgB+eB21uopdGTdi/kqMAAle1VDswvtySL1BZFC4qvKvw45FD7m7PxobNcpJoZMSDl4Pbkc6mhws/Paq71wSdaKRNEHy/91EspsAEnUlAC0CWJAZjTHKxyCNMT7ZB+o7Ei+ePOkkdouT0TwFsjufFalv6KQUNGFDd2PtrvYq7rtqdlBYI92K2RdjjgDQ6iIx4VgCDXex41JavIWKPtPd+OeNJNhRJTRJJYk2cm713PPfUGKgg0axPLCwPmh3P10S0cRkUQG9xJ5F8d9Rxjs8kgAiwSAwPxelJjXRAnMDGiBS1XJvzxqYjWIBgFLqyhfcQAKIybTe0PFQNBcCbC+4Djk8ankStg0z0Mm5sk1QHxqbKFjkSWNschRsA2e+I40wwSMK4xyoY2AL7Dk+NMrV0ruRj1MioICgGgtnTNCxRrID23JyN/Kk/OmnwKhxIwyJoGsbAskHxzpIoJj8yMavIWPqQfGhAG7q6se3t/fTiQxnyaNriPdl8DUyt9DSNR0iVy0UhkUAdNx7SCKslf3/7412GwnM212e5g9OgtoyZnjjQe9fY140aBHHP+OOHidQhDqwlJLobXEqR9PI8a7L0XdNF6NswFTGKWcYkE27SOc28/21llbo1g1ZZm3W5Z8nxWWRlxAEchWwMiZB7KFc186B+L6LGMu7o4oizwRRNA/XVSQSyMCptQyklmwUq55b9Nao2ez24tpY+sMi1AuOxITnz/ANdZUomltlcbyRqKIg9zkWikUTeJuz8ah0ppBy4CmwFC+0AckAVfOg7j1LZQZwq+ZViFZVvlRz/7h+2qjyb2UBhBLTAEAWQ92RyNaRTf7ENpF0w7QB3tCqhGNn8o+cvjRo0hGBRYcuGbgCx80eNZieneqY9R1SGJ8RcsisQGFDhT58an/p/qACFt1DGqs3J4RQPI83xqqX2Tf7GvH+GRmAkZVkXAKoHHckiq5OiZsxUAwdICo0I9wxtSzMbHPgV/nWJ+DKqpk9TRjJkVC2o9ozOVcedUt2+w20zbRfUpdwwbHFHtO7En28e35v8A6r479jUzU9U/0cbWaVtqgBjI6kawq7tXAWu9/PwNcvJuhv22/VlWKSGTbRM6hQJI7LZuPkVz99UN1uncsuRMY9y3bClGIAvQ4PwhctP1mjVSzdBcpATwCtso4+t/Y6J41qEZuy3tDAIjCqswMQMbEnmsihxUcZXRs/A1c20oJjjlWJtrt1bd7hJ4yY5HdiqRWeQSRZquAfjVXbn09sTBtHWUlKXdvLVhiowWABaH1Jq/pY1MxBArywldrHO9hEiDSmRWEkqdS6wFlL73XY2dfkbgorsmMKlbKcc+23KQTGNhJCX6SuwYT5kssd4ihzYuyO1m+NjZ7cTI80jmSGCaEHdsS0c+8j6nUG2B7oMgrHtSgD81ay4BvRLHAd6ZvxjRw7KWInCSGRgDuGRKokXYP154F9SI45drBt9pHGsEERSCNbIKouTsD3rz+uubK6pG0UpKzK66KxiiRVVTTY8hUH9Ptr+2tva7j+VEYVdpIlayGBZ/Ne41x8Vrm2WRdywCEBeaHB57d9dHs9vIFWSMBhiWFCzio5AvRkaS5FBN9GgjTzkPM4LcVFGFDEWCA1VwPqfvoi/hIFPU6ZYLwFsG7Fkg8/p+uhhlicLG6sxsoe6qWrjjn5u//Gduty0s5jVqV2UBiKN1yDj7au9YJbGu1EmnQv7VyPuSMozEnmwDkQL1JJmkXp5KgBsksWcjni++hw7OWZZFDFEBKl2A9osVib7HsSPnvq0YoEWOmjEhCMwWRm5Bwo5c3fitNqKdCTb5ZB0KumNdNzZPJwpeMuTydOWiAaQBVY4qrxxlTXBpmYXzpSSbOORZHjsqqhepkC4Iq04u/F1qP4raCaKoyE9paNiSVUckL2BPbQlfoG39k5t1uPMMqYlQ0jkZM1Hlh8/W9VnHqM0eKkgK2QN0wJI4N8VqT+rgq+cQZ1ZhHHbAkU35jfixR+mgHeRAvLI8vVplKksEr/aDZJH6a0VrpEPn2EaP1RcFmcEpdAoIyDwCWsV9tVJ/StzIzyQ7gSOOWjLUVAu6LHn541bPqZpY1UFDwwMjSRggcEnjnt2PjQYd9gSZRk0nYKgFKD5FY8fFj+2quXpBS9mc+2lQlZI5hgLF3Zo+B9NW4n2sUVzzgCrQGJhV+GxvV1vUizETsCKJtTy7qeCxPBB8+R/Y0dxLkke4jWO1BRygAV8hkOop/btouQqiWQfT4wok6gcqHIxH9QyFUdLWdL0JHZ1iVw1HJWxW6HYGtLVXIVROQIxIDCiQa5AofbSJzCxgNkeRxf2v6aIFjY4Ml2C13yCPN6koVG4bIDvl5I8V310b+zm1ZUGSEg1dEDnv99Pd2SQAASATzdfcatlBID+UBnL8AXx7RfnQZlVEChUVswSVAyK33BOpcikiDHkEAJ2BVSO4F3ZGpRRPJGW9oIY2t35PJN/roQDsRR45vsTR+a1OKQQtIO6MwsgDgjjm+dCkGpaCxobvJgCqlgSD9dT6SkIVoGu91ZB86jGzSE9gg5Brknt3GnYMpxUWp4FkUW78fXQpMbXoEMEWSOSw4axfck8EamoUEsVOLAqoWrLCrq9J3EgUIbcAKxAv7AGtMAGJYqfZdE13rsRd1q7JoY4lVALZKFDAgcN9TWoBsjypyL2PCkcmq7fXU80ZwpVSWpmvhSa4GplglNYANA32Y35OirCyKKSSGPuy5s+2lF/bUnlBBv8AMoyXE+2uCW+L0BpQVNGrsvjSjg9uNRpyVdlFFgtDtz9BpbUOmFAyUSKFUoCL5Bb9ProLIzKHU4UoKgCjz5JPk6sl8wDdiquq/Lf+NRkOK4gA8ZGxeRHIs6zvktR4CRZKgElZBRkFPY1fAH/71umbe+nbSBgiJsZabqKbRdxILwZhYvzWuep1hVbIekb6V3u/k+NXfVPUIZdh6b6ZuJJpliDv0EkKiCcAKpdbxPFAmzxfY6mcWyoyUQh9cVAyxsJJBIyDJVK4Ak5LXe74Ff41Cb+IZpoCrsMyqq2BYMAp4Wxx4541ibDbTyrNtY/T23Mk4XcIOiessMQJZklaqQ3z9hqPq+02G1mli2Mm5cxSsknVCcKeVsJYs+RkdGiTBzbR0Gy9Y9KU1uASxUhJAAzCSr4rwe2t+T+KdlEipG6SSLGQoROIzjRJ4/MPAH9teXKslmiVIIsdjz8asrIyosiO4dPbfBs/Hx860aXsy2Osl/ifcvkxRBICArvZdQAfygGh9tZUvrPqs5XqysoBLArQxFclVGslp9ylJdlciwPfJjZB04mqlGQLAZDxkf6eNO0NItNutzKTcsgBAxGRJFdyPIvzoWZYPZoXjkOGx7edQiZSjdsgWHb3eANE6TFQyRNVHIs1AHIiwPpqnKylHgmHAiAawOw4tiR8nQC3UBTKhkp7ElQP6jXNDRGUBS7yKmKsEtXIYg84Dyfm+OdVzIlqqBwvnMgluO5oaS5YmqNTayT2I495vWNPaRHFcSKz97cH9vvrptjDPv8Ab7aPZ+pOdxBtnaaIwRiOMzAhANwVNgABeO1A64zrSJHj1LViZDGtVxwCR/8Av/nrU2O8faeoxSNI4iVEVgoQ5noKR+fgE/NaWSFq/oITp0b+29O323ePc7n1JJMZOssDbXFxMEkUKr5EAAGyKr2jjjjsPQtmo20qOv8AMikeA582hIlBBqxwRrhH380hjyPO1XcSRqzqDMrDrSRKV7sSchz4IHfWltv47G3dni9PXpyRRLKHnYSGRR0yVKiuRX7a4JxnPhI6lJLtl9Nksvq86NZiRybjsEvkRwWv4s66ScJt4Io9uqh3xiDEKrYhrxXzY/565b0z+LfR+rO+7h3ELO60VCyoirxXtpv86vt6rDvJS8bl4WsqwN0gHAHY/ftqckclpNDg402mWN3E6RSbhmMfUZlcAGnYcih8fP6fOuck3TRl1BGSEtGCOOfGtZ91JuUWMENm7EB3rEqAimhz5Os3cbUs6mbiT2u3uVRgpwFntwOfrraFRX5Gck5fpCjfOARIX6TrFIFVuEH+4ePnRY5dzLKJix4IZ6olQclt+Pi+a0tp6ekktu1ERKkMcdWGL2SzHnEAc/8Ay1qDY7hYHBEbMxADo1hHQ0VbgV9dZSmr4LUXXJmRIm6nKkFYlPGTYuVNn3ccdjpS7V8kRdxcQTJWZrVRXJIP961a2S7kdbLA9TcSRvbG1Ye8xu//ALqaqv8ANqW5XZxhWjYGP+a9Lzh1WFICKuq/sNL5Jeh6IoNspGNyFggYpGXriarKkePk6dNtHI4RzIvToO5HsDEnllJLfb7/ALX9sFL4izGynpOCpLEDIfyyas9jzqIMsLLIzSIHoOVK9RQpNKee5/tpvI/YKK6RnIpSPcnC44pcHRvyFlHLkXkAfn7DzpSLO6qIyvSKO0h7OOnw2Q7+T++r9Qwvv9pmUUE4u7KxHUCyFaAxy74ivv8AOqU8UaviHZkAxjUBjnLYyUtfJANnjVRyNsmUUijH0gChUlOpQiYYhwKY2b79uL86dxGGTornGb7mgWF/nWxdXWrM21i6DTtK3/rLGUZUMqO8fCsDzR5IIH+NVJmJG3fAECO1ysEtRVQB/sAvgjvrWLszaoGYdw3uSXbqrdllkxYVwbWuNLUUjhZcjKVLEnHIkj7150tVYuTBc+4BCQDQIPA/StI0CvyQSOOST9dCAJYE18gngf8Af6aOpDctV0b+a+l6p8oiqBSuEUtlTBSL73xVc6FGjuA3c/1Ek3zVDn51KbngHkVd+b51DqNkVasUoFVrk8Ekn4/XQh/wSYKGKlcSDRB/MB8WP76fHqEqpQCj48CjXOojnnsWJ7+BqRYkVkQCe5PNgfTVcCETIAsa5YhxkR2X6C9OWSvIB4BYEgWOTxpDg2Rf5siTd/8A104aMZUpkYsCoBIANcgjvoQmJVxo0KHPHwTxWilieoAQFoLl2Bf7/wDfbQwSMiw4BKmuLBFjntpEMwv87DJiv+37mqv66d0FWGuFFYAhmJAzxpSoAFrzddtAdz+U+6iB76OVEc86WKiWsszx3Ht5F89uNQKkCU+1qbhgb8/OlsytUL2tVpebdlPAvvqzQbpVYAbwRwBzqsgZTbqSTffx9NFyI7Eg+Pt9dZt+i0iQZm5NhcqYKoJAHHnjnRd1LtCAsaSBGCY9RxldW3YVj8ar/lZS7mqxIHx34+uhv7nQkgXk4sjuBwBqlG+SZOuAqsjGKiTkMWW6AK9v37aqbgbiSaV2WJymSUgUAL+WqH7asx0Dx28c3yRV8aqS7rcRGSNQqgSkkqtFiPk97/XWjX0Zdlyf1P1WeOIbmd5BDtxtIwWJKRIQViu6xHxWqqRzyrK3KwJIVJsAZmyKU+4/tqr1WqqS6A4F19QTpxJKeGaz/u7nn5NaWrHYeHbLuDGhaQM9VnE5HP8ASMRX1POiyQHbiQMiiRHHBYVRUAWFP5vJ57arJLMgAWeUCvbyaHg0LrUGdiHAu3uuxJ/bUODvsXDE7PZD0RGzMSKsk/JHOhWCSeQSTyebJ51IKwq+Pk/8jpmQKL5Fk0dX0hp0EElKCew4FjsR9NF671GA3HuYAnye4vVY2RZ/v+2pKfyk8keT2FfGiitgpdpCzgAuDanmxxXbtobxlicTwKvjg/XUowMnIs8cX2Hk6emF5dyMvsuhOgfIQLGB7l/PQJ4OI7Vo0x6kmCRuWcwuCmWeCxKvIHz31Sypz58rfb4vRhLJcZDFVEf8yjRIQnjj9P20d9k2HXrIXQM+aIwo0RkDZVh/bVd2GZYClc848BT9AdJZ3LOzPRMbeebPu0Fmy93IPJs+b0v0u0S3ZcjkUDI8EEkEHuD4rV7Z+oS7Z8klsEkBa/c/ceDrESQ3QIJu/p+mirKy8juCe/8AnWsmq5F10ejek+pbDcKJY2RdwFSNoypUxKCLJN832BHx9dabbbbSAORIwkaNGMvLFvDRhB3/AOQ+uvK9vuZI3EkZKyKQysCa79jrrfSvXTI23j6gEuQLxsWKyMlG6v6dtcObE+0dePInwzsIJdttjNFuV5lloHIlRIMFX3eAT2/X4rV/Z7rb7ptztco1dJEmSGML7IVIBkkDNQsGhrC228R2lIkUF26gVBgkZLAkWeOef+mrG5ERjSNJh/xRKSyRRKkaAMWpXBLE1Y51xI6XTLymFY3wixaUzIBkjrIBfvQr+WuO/wA6xJk3SSJC8aLtozLgFUl7UWos127jn/F6tLI8f4pot1CuIz60ZEmEZ/lkAFbLfdb81esdpd2s3RaRjFRdHWazyt8ZEHvwSTfOtsSt0ZTddFiB9yjRbqRSgMotk95XI1dKC1n7at0NwPfNt4kHWt3QdIOoJGSE5k8+K51zEm73kRngMua7ZllBLhnyjN9k8Dxzoc+4gXaiaVnUyBVSzm5Utlky9+ea510aKzLZm3tZo/xe6SRi0KunUwJYMSAgckngMe58X9NWZo93EzNGyRMsqwHb5MxsDIMGkogDEBj9dY/pe7apJFQoZoxIvUJfEkgFj8+B/wCNWJtzudyJndxEC+MrxhFIHtBjjIJN+OPnWevZptyWBC6LC4fqCVpJC/UURrKpLMi9X381QsC/HbnHl6aPETwjpJbFsgGDE0L5o+Ptq1uTFLBNtUVcVMcsMS5tarasHNgAHgsf0+9d4oonV5pCpiWIxrIGaMvVASJGCDRsdzpxVCbsnWXuRWIb3MXRyS55Yg12u60tRi3m6xc1umykdsiIY8rN3g7Aj6CtLSuX2FIwyGtge4J7fT76JGob3Adu9/PxpaWupHPIrEMzMKFsxJ+B37ahj+Ye0nsQRwdLS1DfJqkCzXMcUFAsV86KClgUSzL1L47dtLS1ZmwrFU9tEVfF8Gu9nTIHka0tQsXUByN0O/66WlpoTIgOq05yVj7OaOPY2R99MHuQgfPnufHOlpapoSCAgA5AsxLDuBa1yL0o1EoRccWJL2pAAoXdVpaWihWFJqk88H55q/Oo8hqq8sq/TzpaWs32a3wVy8eTqQTIWCpdVZHnQ1tXGfa8bHP17HS0tax6Mn2WYWBY2AQp5HjHWfuSjSSEA0WJH20tLVMRXUe7kmhz+/GihV93cgk1Z5HxpaWmuiRKKNDv4/ftooTHFjVcWfPgaWlrOZSBvhkQSxNG/gc1xoctA49yDz8fOlpaY10Dy7VxfGpge1Tf5iwA+w50tLVCJRlsgtnnnvqwyu4F92X3f/Ic8VpaWoaBMiAq9TK/aOoa+9aZJUphKCVY3ktBlArmux+2lpaSAHJ7ZHUge32tx3IPcaGX+ngXz50tLVokitZDIA9j9f3GiqGsE0AWAsf088mvppaWhiLi9Fg7plJF/O97qFLAcL7R44JrQlZR/OhZs0JKkgLzV9r0tLUfsbPpM3/TPVNyUVZHUlo848VIIjRRlkTxzfj76303ZMESBcRHkxYcAUpAoLzQ4/bS0tcWVJM64PgDJ6ptEHTCSnpyGVh7ATI8YJDtV42bFG9Z283K7yPKNGCwwDev7lVVUTrtmC8ZcEqe/PntytLVJVyiJcuiso28XG3aUSSSwwN2EZaVsSGVrscm/wDpqjIZZNzIrqjSLN0EC+xVcEjuo/vWlpa3iYvssQ73cRzPGAGdCB77IXEEjHmvmzoq+qIgR3So2wZRCqgsEYuFORoX5Pf66WlocUNNhV38LSq5mnwh6RnTEZTSE2AW7Vxz/wBOZNLW420bmmlcT7npIoZtsCZHjBb288eP8crS1NDJRyiYztHtZJQJnUtJLEhBFe2sew7DS0tLRRJ//9k=\"></p>', '2019-05-08 16:00:00', '0', '1', '0');
INSERT INTO `activity` VALUES ('24', '23535', '53535', '2019 年 05 月 08 日', '<p>533453</p><p><img src=\"data:image/jpeg;base64,/9j/4AAQSkZJRgABAQAAAQABAAD/2wBDAAsJCQcJCQcJCQkJCwkJCQkJCQsJCwsMCwsLDA0QDBEODQ4MEhkSJRodJR0ZHxwpKRYlNzU2GioyPi0pMBk7IRP/2wBDAQcICAsJCxULCxUsHRkdLCwsLCwsLCwsLCwsLCwsLCwsLCwsLCwsLCwsLCwsLCwsLCwsLCwsLCwsLCwsLCwsLCz/wAARCAD3AXQDASIAAhEBAxEB/8QAGwAAAgMBAQEAAAAAAAAAAAAAAgMAAQQFBgf/xAA/EAACAQQBAwIEBAUBBgQHAAABAgMABBESIQUTMUFRBhQiYTJxgZEVI0KhscEWJFLR8PEzgqLhByVDRFNikv/EABoBAQEBAQEBAQAAAAAAAAAAAAEAAgMEBQb/xAAqEQACAgEEAgICAQQDAAAAAAAAAQIREgMEITFBURNhFCKRBSMy8EJSgf/aAAwDAQACEQMRAD8A+Trgrj7UUcXccDdEGM5fYgfogJ/tVRQSSyJHHgu7BYwSAGY+BluK603Qr2KISpIkkoGWiQFWHHOp9cUw05StxCWoopJsd0yydPmZBLFLpo0T2xYuGUFtoi4AyPBUrzn0zz17a7t7pCYpd2QKJRqyFWx/wn/nXE6P1AwutnKuVllwhC/WkrYXDeuDjH2r0qxoNsKo2Ox1AGT6k4r6m2pxWJ8/c3k8jJ8rI18LzugKIhEIwvke5NbQKILTFWvbCKj0eOU2+wQppgU1YWjC13RyBGasZogKsCtmWDzUwaPFXitIwwBmiGavWrAxWkBWDV8+9FirxWgF4PvUwaPFXitmaA5qDPvR4qYqKgf1q+aICrxTYYgYPvUwfej1q9a1YULwavmj1qYpsqBwahBo8VMVFQvBq+aZrU1psqFYNTmma1RWqwoXzVc0zFVrTYUL5qsGma1MU2ZoTg81RBpuvmq1psKFEGhKmna1WtVmcTOVNAQTWgrQFarCjKymlMla2WllabCjGy0llNbWSkslcpGkkZNCalP1PpUrBvg8tNZX9qxSSGTjlXjBK585DgV6q0knkQCQbBY4dJxwJwyAk6NyCPB/tTlz96aBX5/R0VpttM+/qa2apoX8tbtKszRRmZfwyFRuP181pUVAtNVfFeqKS6PJKTfDBCmmqpqwtGBXVHMrWiAosVeK2jIGDVgUWKsCuhkrWr1q8GixSgAA81MUetWBWiBweKvBosVeK1YUBipimAVRFaRUDjxU1osHirC0hQOKvWjC1eKSoXirxR4qYqKgMVNaPFXr4qsqF4q8UzWprTZUBrUwaPFTFVhQvWqKmm4qYqsMRWKmtN1qa05FiIK1WtP1qgtVhQnWq1p2tUVpsKE6/ahK80/WhK1WFCCpoCprTrQFarMUZippZWtRSllabBoyMlKZfNbCtKZfNFhRj0qVo0+1SghSjmnKtCBTlWvio+wwgtNAqlFMArojmyBaMCrUUYFdDDBA4qwKLWrxWkFAgVeKMCrxW7CgMUWKLFFitWVC8VetHirApTKgNfFXrR4PFFrTZULxU1pmtXrTY0L1qYpuPFTWmwoXrU1putTWrIqF61eopmtTWnIqF6iprTMGrwasioXipimYqtacioDFTWma1MVWFC8VNaYFq8VWVCtamtMxUxTkWIrWq1putTFWSDEViqKmm61RFWQYitaHWna1WtWRUxJShK08rQ4+1VmcTOVpZWtJFCRTZjEyMopbKK1MtLZarQYmXWpT9alVmcTIo5NPUUmGW3mBMM0MoGMmKRHxn31NalFfIjyfVarstRTAKiimqtdEc2igKICiC1etasKKxVgUYFEFrSZC8UWKYBVhacgoDUVetHii1rVlQvWrC0zFWBTkNC8eKLUUeKvWqwoXrUxTQvmprTZULxVgUzWprTZULxV60zWrC1WVCsVeKbrV61WVCcVeKbrU1qyKheKmtM0qwuKsioVqKmoputTWrIqFaipqKdrU1qyKhOoqaim61MVZFQkqKrWnamprTkVCdPNCVFP1PNDrVYYicVWopxWqK1WFCStARTytDimwxEFaArWgigK1ZBRmIpbKK0stKK02YcROlSma1KbM0cXp0VuELwmdfR4Z5IZJI/YOyDP3HPrXUUV5r4Yg7PzwZW7jdsFo5IpINF8cxsTtk88V6lVr42jK4pn1tZVKglFNAqlWmgV3s4UUBVhaICiA8U2FA680QWjxVgU2VA61YFHipitJliDirxRYosU2FAAUQWiC0QFNjQGvir1o9avFVlQAWprTAKmKcixAxUApmvir1+1WRYi8VeKPWrxTYYgYq9aPFXiqxoXrU1pmKvFWRYi8VMUzWprRY4gYqa0zFTFWQYi8VMUzFTFWRYi9arWm4qYqyLEVrU1pmKmtWRYitfNCVp2KEirMqFEUOKdihIpyBxFEChKinFaAjzTkGIkgUBFPK+aArTkFGdlpbAetaCKAitZGMRAWpTcGpVkGJy4rW1jkeaO3hSVxq8iRqrsODgkCtiigUcmnKK+YnXR7HbDVaYBQqKYBWrM0TFFipj70QGMUplRAKMCoKsU2NEqYosVYFasqBxRAVeVA5OPRfufP/OiGDjDDkUfJFOrNKDfKQIFXRAfl59KvFaUk+ixaK9qurx4ogKbM4ggeavFEBV4qyGgceKvFFjxVgVWVAYqYo8VMfanIqBxV4FFirxVkVA4qYosVMUZFQOKvFFipirIqBxUosVeKrKgKlFipiqxxBxUxR4qsCqyoDFTFFipiqyoDB5oSKZ71WBVZYgYocU0ihxVYUKxQkeaaRQkU5GaEkGhINNINCarChBFLIrQRSmApsMRYHFSjAqVWGJzx605aSPXHn0/OoOodBQsknU+3IhKSd2BtQ6nU4KrjGa+VrbiOjWR79PRlqdGta121sZ1eTuLHGpK7MjNlgQpxj0Hqc+lYUuekORp1fp+SDgSOYj/6yPFdMyxXHTrmwj/hkveiihWRbuKREjR1fHZKkHJHP1V5dXfKv7ff2d4bV9yGv0u4Tf8AnQfy9d9hKmu3jJ1I/uaFunXykgrESoDELNHkA+CQxHFc6w6P1C1e+ka2gbuWfUIbT5JHj0knCqjPiYDAw2SB6jGKuwtusW807XqXiwrbXawot3fTpJJ2dYlaOVmAGeR7YH68I7/V9r+Do9rD0zf8jfrnNtL/AOXVvTP9JJoDDcL+KGYc/wBUbj/TFYbG464tyVvT1BbcWlyGad7aVHZLdjHGW7Afljx9Xp7GtPT+p9Xdbp7qd0EVldOy3EEEcjvDEWjCiGQZYtjwOf1rqt/Li0Ye1j7DyBweOM88f5q+KC1+IeoTr1JpvlgLXp0962ba8ibaBokAOzSLzt9WMnjgcHDrTrUd9F1Kb5Lp7JZtbb9qZjlppTGEJnt0I8Eg5Piu0f6ivMTH4vpmPqE8NrBDNPJ24/m7dC2rNy+wC6rzz4rkHrscc9/bvZOPlXlZGhmGGWN1U5DDzg+/pXo4h0r4gs5X/hCTQ21wGC291A380RtIjI1vKFyvAOfOfHpXhbhEa66u65GBcggnnPzEamhaq1pWhknoxR3o+v8ATZGhyt3ELkFVJVGCyK+pBIbPnHp610Om9Qs76N0gkLSW+qyqyujDbOOGA9iP0rxkSHbpCj/8xbk+92ff8q7Xwz8tDc320iKs3YjLn8MeHkclv9efSu0JfG8mcss/1PU48UQrStoJP/BubaX8XMb7D6RseU2H3H/tVmxuwDxGccfS/qRkfiAr0rcab8mfhn6MwxV075W6XzCxBx+FlP3GMH1qjDOPMUn/APDY/fFbWrF+TGEl4F1YFXjB5BH5gj/NXitZWFFYqcUWKmKrKisCrwKvFTFWQUVipirq8VZFRWKmKvFTFWRUVipRYqYqyGgamKupVZUViho6qrIaBqqOqx+dORUBiqxR+9URVkFA0NEaE1ZIqBPNDRGhPirIzQJoSBRGhNWRULIpbCmGgNNg0ABUohUqszRzEYqwYHBBBB+4rkXHw9bSI/bnui7MmEJjYOWdcqfpB5GfWtljczX0iR29u7yOTxG6f32IAroXcXVLSznk7KQSs/YjM4STJ7bMe28TnU+OcV8jW1YYOXk+lpaU8sUY5vhmeaeaVUkWOR5HCxyn6e5IzYxkrwMft9qU3wvd/Nd0wTdnuh2T+S5KmYyEYaIeBxS/4Lcx/wAGmHULjW4vIlvYgwj0iEYmOhjfYg/h8c0FunXopWBuLpIgE1KzXSDIhdjj+aeNtQfzr5sZykrs9U4KLqmSP4f6rDIWAuFURnBjjxlhE447UgP4tadb23xHCZw17exld+zmW7QZDJr5cjxtR21z8UK1wJOoXwVFbtfzpW2ddAARIjDHJP6UcHWfiz5e6mku5BJEhdEkjhbKkyYJMluD/SP3rXP0ZWK9i06h8Zw2ndN9O044ETtuMAHz3Yj9q0nrfxVCsBZ7eUPHI7h7e2YKUZxrnVDk4B/WrHxB8SpDbyO1tI8kgR0kt7P6M6YyQycnJ/anR9d6s0kSNZdNk3hjlZvlgAoftjB7dwfBbB/KivaHL7BPXOtfNS20vTenSLGrSGRrYKhKhuAUm88e1QdeJhuXm6DbaRlRL2Xuk2P8wgkBWB/CcfnTE687y3cUvRenk24buN27tAwwMhSNh60J6500WTXkvw9E0DMVKRTsjMdduVlhHnP96Gku0Vv/ALGm167bWsSGDo97bRXB7gFldBFZsrHkq8ajPgVhab4JkW7klsOqRKCy3MiNA2C0m52KyD1GfFPj+Ieg/LW8knR7+3guZ7mCILdwts9sI2fVcg4yygfnQzdT+EWitO/B1CG1u4RcMjmBzJbyO6RupEuMFlINUW1yrKSb4lQtLf4GaS00ueqQumssCvAz/SHMobCE5GSa0WVr8LWyXgtOuv8A70skbG4trgFGKlTr9GPegivPhGaaJraa4a8Dpb2y9nuZif8ACjMmTuQDx7jFabK4+CraOTsdQ2ijjnZhP06cqkchG7nRfH1Dmtucqq2YWmlykghZ9Jaxu7OPrvSGea5NyktxHChiPaMaoY2jAOMk5PPNa/lI2uOiyW1/0kw2QtEuEjvVDzJDjPbEcqqNjzgg+1c9bb4UuY7iSDrMJSdpFeTsXSgeNgCEH+akfRug7dPI6z09hag6pKZkMoPrJ3K5qK7N2zpQ2HxPHD1LSVZZpGg+QNv1CRljVZN2LGR3wcZAwuOf3ekHxXGekLpc6qIx1F9raTnvszYDRZICkAYI/LjNcMfDlgY2SLq3SGJuVm3N1CH1H/0uR4pv+ztztctbdQtAXjVYhFfRgRMpJJBXB+361pL7KztwnrsvzyXsNzHFHLGLMNbptKuzZO0WeAMZyAaS8k8bkPbziPwGEchP7YrGnRviVGQxX11p29SIuoMSZMYzgSelWlh8axRwtJf9SAjjma4f5nKnVWIYFmIxXo0txLSjSOUoKTtm9W2HGRxnDAgj8waI49SK+cSfFnWLuGGG76hPOC6SRq2gy4UrnZVB961r1+7SGJXd10IIY4ZsY/pNelb6uJow9snyme4M0KnDOMjGf1poIOCMEfavnX8ckYyHZiGIbd+TkYznFOb4iv2Cos5QDIzH9JGPeiO/j5QvbemfQMH2/tU/SvnP8Zvg6n5y4OpLA9xvP2HitMfWb5m2NzKxzkBmPJPPvWvz4+g/Gfs97Urz3TOurKRFduitgkyMwAGPfFdc39j4S4iZuSADnx55r1R14yV2cnpSjwaqvisq3kBCZdcsAeCMcnHFaFZW/CQR71tTT6MODQVUfzBOPQ+PzqjthgoLNq2oA5JwSAKqATzStCFAkIQrG7BSzHI4/wC9EtVRaTZpQclaCPGc+gyaifWUVSCzqHUEgfTnG35VsPT71AzyRqERXZiWU4CqTkiuZ0l3tblWKrc3PUZIIJZJW4RQxbcjGcegAx/auGtuMf8AHk1DST7NLRSoQCuS3jUhlHGeSvFQRSnAAA+7EKP3Nd/6/RbPB8HLf2q8tgZ+THP3ryfmav0ej4NM860UqkgqTg+V5H6EUo16bMnkfJ/s1c+aycPAYfkDHuO+JDL3NSR/4erea3Dey/5Iy9vHwzkUsuvetbcbGa6d0gRUZslF2bLDgfvXTSy6kHXuL0bt9xA4iacyOm2Dpl8Zx4rH2eu/MBWtejxxROcXCSvvr3Ajdod0MGK5I/L71ue8lX6x5COhG+WKdGRUc41cFkZWVkZQSMqynH96SXjHBdeSAMHOSfAyPWuDM/XnjKXFpZQWiWzrB2njSbf5nQRkGZ8bLlshAckU3p/Tb+btTSSQLrN80qYeQbaJFg7ED+nP61lb2UY/suRe3i3wzsF4/rG8Y05cl1GvG2Dk+cVemQh3jG5VQC/OSNuR5o7XofbijjEyY23OIEJLsApJ2z7CurFZzhtjeOGJG2kUCjkY9Erk9/Pwv9/k0tpHy/8Af4OR8tJtrtFnXf8AExXBOByB5pMkJUMS2MbBRq+ZCP8AgAH7V6gW84/++vMc5wyj/ApctrMSubu/JwdP5jDJxnjFD32qvAraw9nkvmLJeGuoVPkgiTIz6fhqV6ZelwMMvJPtnnZ2z+tSs/n6vovxdP2fEen9W6jYSrJZ3csDA7fTypPuynIrux9R6h1K2lluLiV5o5ZWna4kAQgwgpqFwf2HNcdbWzGzz9wGNOGfAiHjmQ+RXRgeyhWaOGOSQ3FvpbvGsb25kZ1UuxfkDg4+k/pXLUScTrptpntAzzxNb2UsEfUrW3Zo0a3eR+2xADh3AjwxAXycAeOK4nVOq/GnRorKW5uLOV7p5FKRw2zCMxIGYEnXxn3rvdDmu7uO6OF7UF+1qDgqrxIFCkHknPPtWL4qv5emDpdnJbW08t18wuYmdUjVLgFSocE5P9X5V4dO7pqzvq92mcyH4l+JpPmGP8MEcN1Ba9ya1QRlpAzHBV8ZAGQM808/E/W+z1C5Wz6VJDZtZxsVifYy3H06nWXPocHHOPFCt2Lvo/fj6fFB/wDOZ17TTM6Zt7IP3OUySeQB9/NNu7zpVrZ3tsnTVBe6h3XMzKe3A8qyP9GTjbjH98V2dLpHFvxYFv8AFnU5rK+v26P04xWa2rSLi5V2a4kEaBV2P5/pWmD4keeG8uD0Kw0tV6fuO5Mrub2XRFUFD48n8qZFL05/h64uI+lWyJI1nG4KMO83beQO4Mf9JOQMeazW3WOkXHTuqWg6dbxTRPZrhQ2biMq+sz4j2yp9Mft5puN1QJv2OtuvdOu4upTt0G2RLSe2tZT32BkmnR3TBaEDA1559RVX17Y3XR7k2nSuyJ7tILUmYOXRdZXm7SLgZAAAJ9c/nnm630M9PW1i6ZDDvNE02CxbeOLQTNpGuGAJA/OuvdX/AMP2fR+ldSfoiXFlLMflokZMRSyRqXeRXjxsCuAa5Xm6idFSVs8t12X5bpfwj2u5bsy9Yu2RNozLmaJcsVBPoCOKw3V/Ktp06S8gbsrYWMVuO/Ku1qWeSIvwQTyTnGa7XU+odE6/P0yNrKK0jtxdQwkyNIWe4GCh7eFAyMjjyPbzkvbSzunsbKVLqBY7O06dpciB3MdomkUsfplhya66WoowUfRiccpNnO6f1q1iv7CS2s83CXMc0StKpQyxo+NsxZwMk+f/AH19PuLFLfq9uo1NxYwq3cCM3b+ZhOsbxxqo5Vc7A/hq2+G7DpTR9Q/iDuIHJSKeNVEjurRhTIpGPOTx6Uuy6bLMJJrYp2m7cDGQMzdqOTu/ySrZz+Y/zXSc4ztJlGLT5R6qa2+F7Swtre7vHtIne5WNjazS9xmVXmw6K2cZHOP8USxfDCXlo/8AGytysEcEUUlndqWSWISp9ITyVIYfnXDmvbGW66bZdSMtxaWclw0eFT5lDKmrFgBgkADP5Gu4o6AfiIqkVy15FNCbVle3WONo+ndlSR5IwB4auOlJqKUnyM0nJtIUln8MNFbhPia0McF08uzidQ0j/wBLlm/Yfajk6d0KVJRH8RdHBmMTBnmwchj+EFvXxXNY/DK9MhtUuZ2S7vbBrvuxRrobcsWELKoG3IPr6+dq6B6Z8ML1PoUctzMgjg6RJZxvbFxclGlkUTsgwMk/V48VtTVtNmcAv4V08vdOnX+hESwJbqPnIFWMg/jGf6jXiPiWWW06o9tZdQ+YhWztY5HsriR7dnZCWTaIhCcEbceuKd1Wz6EOg31z0+9F3cP1fpcdyghljNqzQ3TGP+aADnHp7Vy7SIXFlax9qFtZrgIuNc9sRFmJHqeQc+/3rsmorJmMeaDtUCRRzPEUPbDRDzkMcAhXPj3pc0hJUM7YByeOAB6H058V1WmbSIsEbeG2bXVGbTt51yR98n9/NZ+3ZOXYFwX4XXGUI+on7/YV43qtyuSOlVwc8bHYLgcnY51OPPg1oXACEMNgSCMhgccZFEyDZsKX1XIUDJAHrgVfYfRZtOFGw0IDhTzkpWlOL7FIB3jYFSv1E4Ujjk8ZyKBnAOCcbeTknAH5VWIiBhuOePvn/SorgrsVXlsqMZwAfxVsDWsjkhsryAD9SkH08VviuGQYJZgQQR5wDx+dcUsigEEhSdSSQxA8+nv70+O4kVYXdGWKV440PvswUYqd+DSZ2478RRyeQEO2MZA+2Pucf3rrDqMsCWU0WzxT20ziTIZTJwp+jORr4wa8lLPEzzQHuLglQSQJNduMgcU9C6IBszRj8BJCgbHNa+eUQpPs91B1fZ7MqkofNq/4CVyc7A/6VzrO51vIe4vdAlBZJHI3Bc4yfSuDbXsqyghzvEYgVOSSwxwB4P2p9u0PftU2jzcRQmXussaru/ILseF9yf8Auz1HqctmoqKVI+qWtskVreSpYpamWyfLpcNKXwrEDkce9eZj2eEIEWNWQBirYOGDA4K+P3/atnS7uxtrFnNr062eWzMLSRX8DyyHU/jjOuPfyfbFcezkdouLeVyqwhVYnXJBHkkHj1redo5YVZ6/psUB6f0cduJtCVTAXHCSAcjIraUHauGktUiKxsV+pZM4UnPA9K5FpeNbdIhuGiYJbCWTQfiOokACkA8n04rzvw78QG+vusW80s+3UD8zasZowqmCJl0cOwzsAMgA5weBWFJULTR7WBVeNJURArxRtCTCzOuRyWP4TS5r3p0UptHe2Fz2mdomhfIQJtsdV8ec0rpt1K/TOmOAQBbw7Eg5K/hB55rPdsjXL3Z6Gsv8swfOSTBJCAmxjMWpYDyP0+9aTTRl2hKQfBtvHFdvD05Q80fauDbOqd5nDoEU85zyDVi0+CPnBbC06Ubz5swhDauXEykSFcnjI4Oaw9Vu4rHp9g1z0ERQyXYZIEPzSduONmDNqAV9Me2Kxf7UfDq3ck/8FmNzHc28rzPFJHOGlbtdwAgjbHgBueOaYy8BUqs3R2nwesPzUI6C81zO8Edz/DGPcJZJXTSNhk8g5z5P6Vuibp0d0IUPT9Ra935VLKVHyVLgiQkgA4PpXCter9J6jBNF0z4cZhY3KzSxAmEJuP8AxFLqDt9PgA+PPpXdZZUnjnXoad1IY0mnE4LJGyErHrjn1Hn9s8kpc0VNDB1CzWK5lWewAjZYV/3O4IhlUMJBLhuefy8fetdqJDDA7yKx0QyGG1MUTuOGZVcs4B9ixxXLcTJZ3OvwyFzPrJB85H9cshyWLYx6gn8/PFdG2XqE1npJbR2cn1IkSyGQR44ILAYxmud+zUb8nMv7+eH4g+H7NEdoLqNjKyiZlRg0g+oqdB6eRXLS4vz1D/4j27LLrb2k8lkz/M4LjuEBGLY9RwuKl8bazvOlXF+X+ZZi3T3SYRxx4OG3hkdS2D4wp815mLqCdR6p1VUknjkuz5jnYKVwNgQ7irLjo1hz2e5+GL/u9B6O926R3PYZZklYo6ssjrysp28Y81K8z0rodt1KzW6hUFDJJFl72SRiY21Jymw/9VSsOfI0jHF0dX3Lxwusa9xgXJBAZeMYA9alv0S1iR1ly7PJLJ3MrEQruX01QBcAk+nr+3nI+3P3pAiERqNss4zswXAwa2QBTkKkfIA52IIGPc0yyRpU+Eek6fYXPTis8HUSsKXskogymhLwqNSpP4RqCePP50zqdunVruyvL2WNpLJZVgWIoifWS52Uk5Oa4ydNklRSEtzkyEA74BJBLecf2rLeBbOXsvDE7lUORt49PWs5W+Bo9EivC1x0xfllsoIIHhb6C3enXacl/GeFB59T702S3tryF4pjZI0YefuwiASFn1jZQX4OfyrzJjAklhEULBWChjtzsATgA4rWR2LZ3McP0qmoC+cvrg1ltjSO+4hayNis8Cx5RvoSEShkUp91/P6KzjpXS4EmjUWSTzlZZLlApmfKh9MuxGvuAK5cyyRwLcap9Y0wARkEeCc1JUaGMSBlbDFQSMkEjnBJPvRk10WMTpGwse3rKLD5aKSOSVO6k00s+pVmVWjXCnABGT481tkhgubbpnTmmso7K1uO7EiYRWVVICNtkYHPjHnzXF0dYopGIDSydsLqvIVdskg1qltnRLRpJATIsgXKJ9OFLfTn9j+dEptvo0oRqjRNaWnzUd/bmwgulQR7GFAzKsboCjKBqx2+ogcgAUya2V+wplsJWjDvO/kuvbXRUPJ1T6vNcO4urhA2pV2whJlAONRwBgirkvLi1mBQRuVXULKMjmPU5pTlVUTUUzuNGAsP8yyYy7DUTZCangtx6+nFLitbO2UGF7GPvzSFgsx+phGGZ84x7CuA15cEQELAHeNtiFHH8wkBfbihW6lKAskBcSFR/LUjUAeQaufRfr7Oull0+O8vjvZI0Xy8v85gEeSYOGEUrAk4/rGMfVXRijsRc3/UVl6d3mCNDJnushEK22IwpAyRnxjFefguJpJSoEa4eMKURRgNszen2GP/AHrbHC5nvYfo1i9Qigk67NkYxRbqqKo2EsK3VnHaQL060W3ullZLuN3muZtVUrH3CcAEtk4514GBzouLCC/uOl3t1eWncsbez71tC5W2nWAFWXIAYA5JOBxjFZR8wkEcwYZaZEi8KBuQSSMefNW8JS4itiw2ECvyq4Hc2YkADFOcn0gwgZpfh62FjLa2V7bg3N5H1C7lu2ZmmnQSRoII4kCqih2zknOfPFNuOnXk1pawTXnStLRZXWGztmheUBRheDkgYx5HJpb3DR2L3AcfRNbwR/QCOQzn6f0rHL1W5jhgYPGS8jgfylA0C5I19M5qlKc+0KUI9DpeivdC1kM1hE5t4YmhVpFlWSONAdsArjOQDnwPvXPf4dvYSrrc2zs0YkOlwuFdiR2/rjGfHGcU2XrN/GLLVowxiV2JjQkhlVx6cUqTr3VCIQsqDEaE/wAmPlucnkUKMjDULuyh0LqMc8ypcgxZlzMHidXKAlTgEMMnj9ftSouldTkBdzIApjZURYu5LGxZXKsWIwvGc+c0/wD2h6qZpVEsYQd3CiNMYAPk4zSh13q7RsWuFyO2qntx/TknPpirGY/oKf4du9o3hlb6ldGWSNMxYcphnVsE4+rj04pf+z3UMXe1ymIiPl9WAa4wdRhc8ZBzyac3xB1nEafM4DlmYBIwGy+BxjFU3Xurk3R+YX6O4FHahwBvjA4rrH5F5QPD0Kj+G+oEo3zC/UnbuNtSYlVwASdueOePypw+HeppApbqEXcjuOIiGZGhjYBPrH0jxkDnzQ/x/qx7O1wpLhgx7UXjYJzgVoHXr4RAtMCWuO1hY0Hl9eMLWv7v0FafoTL8PX008kn8QttBDhH+rdZcCTtEKp4z9Oc/f1ro9N6VHAlyb6eGZrm3ntRI2zC1fBRZIl1IO3B5wRis567cJLLB3Dr2Wk/p8hdsZ181rterT3Iy9wykRyysWI8oSMZAFZmp1y0McL4RLfpltaPaTCSMTxXaySSHeTEakMqpDINS2ORkgcePUaTao1pJBJNAe5FDZhFjYK8A2chpjhgWJyfbgDissXWHlW2YzyqZblIDiTGqsyITwPGD/amfxCVuyBPL/MELYLtz3HZfP6c0VJdM2nF+DK3Sel7ZVlcAoSzbI4Kud0Ur/Y+ePua7VsxhjKPO0pADxFAQEdcAbliQePGOeK1WfTre7topib87s6nFzwMTaEcj86w22JRI4eUBVyuXJbk/8XvWW5PyX6rwNub65mtTZRXSKkRQO7R5bGSxcac7ecVxLbpsFvLbASh5oYGkuJsSDvMGYKEGQAoBB8E5r0f8OgawkvJJr5gJNQEdGCgPqSoYVw7W76fPcW473UMXSukKxLA77o7jLrng8cUJySpGnTo7Vn1e5tLeWIyRywgkWi6qHiiHIV2HBIO3p6j2oZviG4MdygAjm7ThbqE5nTbVSSjntkj0+n29qKy6JBewu3f6gNcgELFphuRqT5x60Fz8OLFHcOLq/wBI0kcj5aF8YAz4IP3ojwylTVMTf9WvLq2tbWC5ntFaeS4vJI5MtdAYCpk4K4+rOODnxxxzWN5NdC6k6hdl17DXa5+i4kilaSNuWJULxgYIyucc10LzpzQ2LdQe6mKFIEO1nGFKyAMDwePFYGa2ijCG8b+YndQNa4Y6NqcNtnFbU5+DGMao0RXdjG96obqIincSS637J3HQEDDKu+TszeR+IinydcvRdS3Eck6LmD5ZHn7gt2TBb6NVRlYcfUpx7+/Niti8s8MdwWkEPd1+VYHTxnZWNNk6bcKVAmY7Ip5tZ/JwvJHtQ5yXDZYQfg0zdZvit6sVzLEJ5FdAruWtyCG0R3OxGOCM4x4x6i3X+pi6u5oZhBC8SRpC8QnSE5dlKliGOCSeR648CufNbSoZCZV+gRkAwTLuMHk8VnKuHK7oCUVwRHJz/T7Vm78ikovgZ1W5uuqmN5p2jFrI5txFGmYs6nQMcHjGefesXbs4pIHZGeWOBIn5dO9JqUMhKHOTxnn0przERyIAqKGA7UYft5HJbDknJ9eaxu7DOUXBAI84xnPnNdU30jLSOla30FjCsCRyhdmkwbnJBc5wTkVK5BDnBCDBA/qepWnyc8I+h1hbXBtLqUxkLtGu4Hkgk4zW22H+8pEDwgYv98DPFDDLOIOw7koSDqOBn74rVaq38SeVo2WLLKvBCtsyqB9Q5r0a8HGNszoSTkehg0jhTYYOpC59/ANed620S9UdAwwpUNsDwAiksT+/FMvJ+pyTo1uZO1G7Fwr/AEnDcqNuMD8658vTuqXVzcXE00eJSxXLjYKRgj6Rj/1V5NOFcs6TlfRtR07tl9YzPbi7fOPB2wAc+OKC5uo2S1UNnuIr/YDcj/lVJ0mQxobi6i3Eawc5BKLx4yDVv0aKRbaJ7qMLFFqCCVYKWLgjOcnn3rbxszybr2ZFsbA7grJIwznK4Q4OP9aSJVa2hfYaNNMPUY18nmqfo8Ei2sEl8GW1EmoDLszSMWb6cceK0jpVmIbeAyNpCZ2HIwO66s5y3PtWf1Q8mSW7QxW7dxSv81kAYZzsF9K63UJWW1sW3GpgaQEY/C2QP8GufNY9NFvZgTAIjLDswXlO4HYkL68gf9qT1+WOFOmxpJLgROr7ZAMYVXXj8mri/o2nXZmup4keFSxDPDHJhgQfrwRipe3EayuGflSV/UcHzWXrcZfq5WHCqkfSljUeBIYIm4x6ZNKv1IubhJHBkjuZ43YE4ZlfQ49cE16ow4RylPs1xTRuwAYkhcDANPgZChPOA4XPPlveuXbQKRfEPoIbR5sAMSzd2OELjPrtWiOSCG07p2LfxSNe2AWYhIO5xjj1GaJx4dDCXJ3rZFEqMByzA8459K3I4E9+4/rWcn9itZmvenrHZyrE4dkgJJ+lRvh+Vbn28U/5qIzdRxCzMkTAMFxuzf0g4/fmuCTo3aKkOYrKM+O6HAzjlRxR3HN47/1LEinPniLilpKGNiPln27ZdgMtq7AkZOMAfrTQwkDEwkMZDlmjcZBUDgtUkNoyzxqbJY8DHe3HvlY9f9a495EuI15IRWPP/wC3mvRMjMbteyuqshg1ZvBwGOP0rhdTgvkkvJYo9YY4XZHJYlRpznAAHPjmtxMtnOmQs6ZyQsSKPyVQo8flSzD+HAJ4UH/o1iF7c8Zf0AHC+2PI/wCdE1xeADk+c/hB/Tniu6ikcW7H9o7yNk8hjyDyTnirWFypGx8qeRxWJbq5BJJ4bxn0z7U0XU5KKTxyCBkZ/amkFsNoJfp5/CPUfc+tX8tN9eCPqOPHqTmqSebZVJfOcAFeTnn0NaRLMuyvGQW/B58+cEEVtJA2xSWsuY/qXg55B966CWrap4/GGOFB8NQW8xdgMcqAD5GP3roLkBfcH9q7R04sy5NGU2xLOxC8hh4HjxWyCBVUZVfDDgD1qDyTjmnoGwOD4NdVpRM5sKOKLEY0ThgfA85BqhDH3o/pH04A8f0tkUyMfg4I+pT/AH+9AqsbhOTgOPufxg1nVhGPSNwlZ66wl7dvEqquq5OCOPOa89bqoeRQBgu3AHs1eu6Y8SiDIXknzzjnFeNiLdyUKee9JznkDu+TzXi4SfB3u/J6C2JFl2QishmyVO2DltuayWfS+mW101zDZW6SqMoyhsock5X2PNdLp4ZbGdWOxS9UkgFQV7iHgMfaukqxLJI+OGAUjjwK4pr0dGmc2xaSC3SKNfozLjliRszM3NHPPc4YFSVYYYc4OcjmtFqBHEkTY/HMSfuXLU1wjgEsFK+mfvVkvRNM4V0Hn6fJaSqTARGv05GAuQBmudN0uwddWtWwLcxKQXyI3IY4NeoWJX7iH8DkY9QR5qnt4TohYZMMcfnk4IFCn9Bz0eat7eO0mvJraErK0IgZsuSItt9eePNdEXd927c9rA0EZbBGQDkA5rY4ha4v4fAkjj5BxgkIfT8qzvHGI7eN+5wxHOQPw8ZzxWG0/A8k7l063AMIIZcNnHHpS7SPvOsvZhkeOJ4wx14VipPGPsK2CFGllbZgspce3nLDApdrDFaiRV8FiOTn8WWrnwvBKzk9StbSUlJY4lCyOxEWob78ivP39jYwXlpGDKBIJJY0ADIRnc7N5x9q9F1Wxd4XlTYsWDAfYtya4/XrWUj4XmRXywWGZlVjrnt/ix+ZrpF8hJ02c1rW2R5FIUfWTgEYGeeOalc3qlteW19cwqCVVlIIDnIKg+lSuyiGSGKxon6je2sqFIxIF0dMjOD/AI/tXOlvEikZCfwkeAT9/WmC+jWG3eQHd0DDII4LuAQFP2r6GvLJJI8eksXYcV11H5UJHCzTNLcOw8ZDOmPJx/xfvWuRuqPGNCAysxOG8bPxgAZ8AVmbqSxpCwVMv3OMnOVk7YHAJ55I/OqbrEuYkijBLY4wSclmz968rT8I6pr2bpV6s4tlBCAKpl+r8TKWPkfmP2ozB1KSW3PflRY0RCgwQV1RWyxIHpn9f3wN1DqhKaJcDCqWCKUGdeRkr7/erN5dNIhKSrqQDs4CFiV8FiD/AGNZpjaOmtvdtcGUyhSHLqrqx1Grr+Mucjn+1XHYOkUkRu0Jfh8RrwC5fAGc+w/QVzUk6g0k0pSUllkXEI7mQytk43wPJohHdqsyypKFkAOCE3VcltmJcD2Pn0op+y49HUPTrYRRJ32ZI3Upl44wSNc+QfsaKax6RK8fzEsjuyDRHkUocoqcIy+wHiuUbG6CQxSzCMrqyq2QxSQK6sMAjkY9RT3swlwrTPIzL248mTCjKqoAwpxnis19mk/o6EsfRNmlllBlUwknYg/RqiHdfbA9fSlFOktcbSqJXufriIkSMBuTsQByMnNVN0y2tt1uXlRSdZAH4Vg3Pkf6UgDo6PFlM4z2nWVW53ONlLUJWLbXZsS46SheSONGEShDHkt3GC+QWGDz/wBcVraWw7RVrZSQQyoI1K7soJ5Uk8e9cUXXSId3SN8Z4aSZdSTnhUjzg1qW/tSiP2Nxo+RsSxAVWGTnnz5xRKPkFK+maP4taQxRaWkwO6xIsH1uMDwRIP8ArFaW6mDPdItu7YjypcIokf7HP9vtSxNbm46QiRIiTx2T3DRsAkffAdo1XjJH6eaXDegydV1hiDrZu0bBSW7gmTGcjGcEisf+G+fZpW+vJBbFrRyxwzaxJlckrjKnI4oDc9RdMCIRytJlFI+rtgZOAWrNJNf/ACdqYComZ7szYVWBQFAiqp84+rP5/ttkmnF5esCwjjt5exG6fSHMYjU7ZwTk5x9ufenF+iv7Ca5vmadljZ/5aquhQDYAEjOfPrWe4WadJFfvDu2zQnck4aRdWJGdTj86rvTwW8KtuZWnuJGkmRAxU6qFGMj3pCXEiZG5IPkcV7NLaSnG+jhPWjF0c9uhvbLGwniffZfpiCMAMcYLE4opOnjC4ByBz4I/YV0DOWxtz559anc/KvdDapL9uzzy1rfBxRYak5RSduN4wT+maf8AI8ZCnyfOx/bBrp7A+lXuMeB+1K2qJ6xy/lSAuE/Tk8+/NWbJyMAYGefpDD9ga6ey4HAqbJ7AfpWvxkHyme3tCpUnOB9hn9Qa29pcf6nP+lB3MDjFTuGusdKMVRhzbGCNMAHOaMBR6nHqM+aR3PvU7n3reKRnJmoFRjgcEH196FThw/qDn8+Qaz9z71DJRKKl2Sk0dZepTIQFA1yP6mzjOeKwWp3vispVYp/mSMgnkhmCjXmkdz71aylGV1OGXOGGM88etebV0IzVI7Q1XF8nthcW2pBliUMQeTkeh5FQ3Vr4Mi5PrsD/AK1497+6cAGQ8eMBR/gUPzlx6yMfuTXh/Bn7PX+VA9oZ4jwHjwOckqOftzWC+6kqd2FTzhMMG14bDH8I/wBa8095PISXfJ/Uf4pTSE8k88etahsXf7szLdKv1R3z1JwVaKUIUVRwwdtwMZwcccmkT3kzGKVrlisMMQdGYKSyFiWBJKgHPPFcUSH/AL8/5oWbdXU+HGDjziuj2SrhmFueejVetfNMLiFyI2traQEblSNi2V5A8HH6Vxor6+jncFi287a525IRpPpBrpCZhCkA17axJDjH9CeBmkFU4PPBz+Jse3jNc47SSXJqW4jfBus+tMwjLKT3RlMMQfpYgj6uPSulD1WN8H6gTgYJA+/nOP7153RAFwWAVgwGcjzt60xJFQtgNqdcLkYDA5yMCuM9nLwbjuF5PWi8haMdzwdhjAOce3NW8to0ce2QEAZcK3Hpga8V5iK9WMSL9eGLsvAzk/l6U49UBgUMqM6qvJ2G3gHK5wa87200dVqwZ2W+RlO7qxYj3lX+ynFSvPfMjz3VGecIMD9OalHwTH5IHkmt4pSzu+zt7gqM+PSoLOD6NmXjAACAjUDA4YmhDn3ow598V9VaP2eF6iOn07pcFyZGEgTSGecM8e4/lDOABwPzpcB3kiRbdwjMgLgsyhS4DkAADIHPmqtLoxLcRtIxE0Lw6HIRlYg6tyODjnmjims7eRZBAA66lezJnDL9QbGxFeeWnO6R1U1XIdwhS4lNvGez3D2HYLuyZwrPkn/ApvUXeG9u47Jt7ZXHZyidxkaMEMFkwfPisguLYsM28apuzt9JdmYn8RyQM1oN+gXVGkxvvr2oVGcY8kk0fBMPliaLoTvclYzsscNojaKxDSmFdiFPPn70V9bXc8kawxqsEdtbQDdwHaZYsOWU55znPNYz1CYgDVTg5BJfOf8AykClNcO7bNjP2zz6c81tbWTfLMvWXg6d5BPc3DDzEYrW3Uv9AYxQrGx2Un1z7+PTNFeQ281xNNJNo6tEQQ43+lEDMFAOCccY5/KuPufHJHsSSP2NEsrqRh2GDngnj9q6fiLyzP5HpDOu9TivRLo0pKXTLJvnUOSXwmzZ/M4/zXGRlMtmCAFCxqSvnknJ5/64o5keWMcZd5mkLFW44Oc49/8ASoLdsxszEGJFUAAakgffnGTRGOKpE/25YlW1glOeDLEoA9SAxrvdPlijt0bUN3YU/pVgOMcZrkC0TCoWYDYsSCCfGPOK3KwRVQeFAUfkBiu+npqX+RiUsejrjqGDtq7PkFWYoNcKF8BaFuoXBAAOBgAj6QCByOFArl9w+9X3PvXdaGmukc3qzfk6DXkzeTx64Lc+vPNB8zLx9Z9fv5/Ose/3qbV0UYrwZyfs2NM7nLuWP3P+B4qCQf8ARrJtUD4rapdGTb3T6UQlNYe4fer7pqI29371Xd+9Yu4avuUkbRN96IStWEPRhz70NkbO5U7n3rLufepuTRZGruD3q+4fesu5qb0WJr7hqtz9qy9yr3qsjTvU3NZt/vU3+9BGrapuKy7mr3/65oE07VW/3rPv96m496LI07/lQl6Rv9xVb0EaN6rekF6regRxehL0gvVF6BHF6AvnyT9uaVvQl6wxG7VKRtn1qUWRyAcUYY1mDZow1ImnbOPA9OKINWcMaLfxTYUP2qw1I3qw1KYUP24q9vvSNqvamwoft96ncFI2qZ+9NhQ4ED9sVNhxSc1e1CikabY7f/rNTek7Gr2rXCMu2O2/Kpmk7H71CTTYUODecVe596QCavJpTKh2/wB6m/3pOftU2psh+9TekbVNqciNG/3q9/vWber3qsDTuT61O4azbGpueKrI1iU0W9ZN/vU3PvQJr3+9Xufese/3q9z70EbO5U7tZNz71NqSs19xandHtWTc/er3z60Ea9xVhx71mDD3q9vYissR+/3q9jSNjU2NQj9qrek7mpvWbEdv9zVF/vStqEt+dVkNL1WxpRYe9CWrNiM3NUW80vYUJas2IzepSNvvUoGjmg1e1KBq802NDgwo80gGjDVBQ7OKvYUkMKvbNIUOzU2pe1QMKiG5qZNLBFXtTZDM1M0vaptVZDM1M0vaptVYDNvzqbH1/wA0vNTNNlQzapt96XmpmmwoZt96valZqZqsqG7GptStqvP3pyChm1TNLzUzVZUN2qbClZqZqyKh2am1K2q9qbChmwq80rapmqyoaGq9/alZqZpsqHb1NqVt96m1FlQ0NRBqRtVhz70CadhU2PvWfc1N6yaNG1Takb/nUDUMh2x96rY0raqLUDQ0tQlqWWFVt5rIhlqEtQFqEsKCoPIqUsNUqsqMJDI7Iw+pGZWx7g4NXmpUqNFiiyvGAfvnFSpURYI9qvNSpTYBc1fipUoImamTUqUkTNTP51KlIF1KlSkC6malSgiZqZqVKiJmr5qVKSJU4+9SpURfNTNSpUgJVVKlIl1AalSki81M1KlQEB/OrzUqVWRWamalSoixV1KlVkSpmpUoEmamalSsiTY1Mk1KlDIomqz5qVKyaBJoSalSoQ44nkBK64BxyT7ZqVKlBH//2Q==\"></p>', '2019-05-08 16:00:00', '0', '2', '0');
INSERT INTO `activity` VALUES ('25', '53253', '54353', '2019 年 05 月 10 日', '<p>53534</p>', '2019-05-09 15:32:50', '0', '1', '0');
INSERT INTO `activity` VALUES ('26', '5353', '5354', '2019 年 05 月 10 日', '<p>534534</p>', '2019-05-09 15:35:21', '0', '1', '0');
INSERT INTO `activity` VALUES ('27', '532523', '5353', '2019 年 05 月 08 日', '<p>53534</p><p>														<img src=\"data:image/jpeg;base64,/9j/4AAQSkZJRgABAQAAAQABAAD/2wBDAAsJCQcJCQcJCQkJCwkJCQkJCQsJCwsMCwsLDA0QDBEODQ4MEhkSJRodJR0ZHxwpKRYlNzU2GioyPi0pMBk7IRP/2wBDAQcICAsJCxULCxUsHRkdLCwsLCwsLCwsLCwsLCwsLCwsLCwsLCwsLCwsLCwsLCwsLCwsLCwsLCwsLCwsLCwsLCz/wAARCAD3AXQDASIAAhEBAxEB/8QAGwAAAgMBAQEAAAAAAAAAAAAAAgMAAQQFBgf/xAA/EAACAQQBAwIEBAUBBgQHAAABAgMABBESIQUTMUFRBhQiYTJxgZEVI0KhscEWJFLR8PEzgqLhByVDRFNikv/EABoBAQEBAQEBAQAAAAAAAAAAAAEAAgMEBQb/xAAqEQACAgEEAgICAQQDAAAAAAAAAQIREgMEITFBURNhFCKRBSMy8EJSgf/aAAwDAQACEQMRAD8A+Trgrj7UUcXccDdEGM5fYgfogJ/tVRQSSyJHHgu7BYwSAGY+BluK603Qr2KISpIkkoGWiQFWHHOp9cUw05StxCWoopJsd0yydPmZBLFLpo0T2xYuGUFtoi4AyPBUrzn0zz17a7t7pCYpd2QKJRqyFWx/wn/nXE6P1AwutnKuVllwhC/WkrYXDeuDjH2r0qxoNsKo2Ox1AGT6k4r6m2pxWJ8/c3k8jJ8rI18LzugKIhEIwvke5NbQKILTFWvbCKj0eOU2+wQppgU1YWjC13RyBGasZogKsCtmWDzUwaPFXitIwwBmiGavWrAxWkBWDV8+9FirxWgF4PvUwaPFXitmaA5qDPvR4qYqKgf1q+aICrxTYYgYPvUwfej1q9a1YULwavmj1qYpsqBwahBo8VMVFQvBq+aZrU1psqFYNTmma1RWqwoXzVc0zFVrTYUL5qsGma1MU2ZoTg81RBpuvmq1psKFEGhKmna1WtVmcTOVNAQTWgrQFarCjKymlMla2WllabCjGy0llNbWSkslcpGkkZNCalP1PpUrBvg8tNZX9qxSSGTjlXjBK585DgV6q0knkQCQbBY4dJxwJwyAk6NyCPB/tTlz96aBX5/R0VpttM+/qa2apoX8tbtKszRRmZfwyFRuP181pUVAtNVfFeqKS6PJKTfDBCmmqpqwtGBXVHMrWiAosVeK2jIGDVgUWKsCuhkrWr1q8GixSgAA81MUetWBWiBweKvBosVeK1YUBipimAVRFaRUDjxU1osHirC0hQOKvWjC1eKSoXirxR4qYqKgMVNaPFXr4qsqF4q8UzWprTZUBrUwaPFTFVhQvWqKmm4qYqsMRWKmtN1qa05FiIK1WtP1qgtVhQnWq1p2tUVpsKE6/ahK80/WhK1WFCCpoCprTrQFarMUZippZWtRSllabBoyMlKZfNbCtKZfNFhRj0qVo0+1SghSjmnKtCBTlWvio+wwgtNAqlFMArojmyBaMCrUUYFdDDBA4qwKLWrxWkFAgVeKMCrxW7CgMUWKLFFitWVC8VetHirApTKgNfFXrR4PFFrTZULxU1pmtXrTY0L1qYpuPFTWmwoXrU1putTWrIqF61eopmtTWnIqF6iprTMGrwasioXipimYqtacioDFTWma1MVWFC8VNaYFq8VWVCtamtMxUxTkWIrWq1putTFWSDEViqKmm61RFWQYitaHWna1WtWRUxJShK08rQ4+1VmcTOVpZWtJFCRTZjEyMopbKK1MtLZarQYmXWpT9alVmcTIo5NPUUmGW3mBMM0MoGMmKRHxn31NalFfIjyfVarstRTAKiimqtdEc2igKICiC1etasKKxVgUYFEFrSZC8UWKYBVhacgoDUVetHii1rVlQvWrC0zFWBTkNC8eKLUUeKvWqwoXrUxTQvmprTZULxVgUzWprTZULxV60zWrC1WVCsVeKbrV61WVCcVeKbrU1qyKheKmtM0qwuKsioVqKmoputTWrIqFaipqKdrU1qyKhOoqaim61MVZFQkqKrWnamprTkVCdPNCVFP1PNDrVYYicVWopxWqK1WFCStARTytDimwxEFaArWgigK1ZBRmIpbKK0stKK02YcROlSma1KbM0cXp0VuELwmdfR4Z5IZJI/YOyDP3HPrXUUV5r4Yg7PzwZW7jdsFo5IpINF8cxsTtk88V6lVr42jK4pn1tZVKglFNAqlWmgV3s4UUBVhaICiA8U2FA680QWjxVgU2VA61YFHipitJliDirxRYosU2FAAUQWiC0QFNjQGvir1o9avFVlQAWprTAKmKcixAxUApmvir1+1WRYi8VeKPWrxTYYgYq9aPFXiqxoXrU1pmKvFWRYi8VMUzWprRY4gYqa0zFTFWQYi8VMUzFTFWRYi9arWm4qYqyLEVrU1pmKmtWRYitfNCVp2KEirMqFEUOKdihIpyBxFEChKinFaAjzTkGIkgUBFPK+aArTkFGdlpbAetaCKAitZGMRAWpTcGpVkGJy4rW1jkeaO3hSVxq8iRqrsODgkCtiigUcmnKK+YnXR7HbDVaYBQqKYBWrM0TFFipj70QGMUplRAKMCoKsU2NEqYosVYFasqBxRAVeVA5OPRfufP/OiGDjDDkUfJFOrNKDfKQIFXRAfl59KvFaUk+ixaK9qurx4ogKbM4ggeavFEBV4qyGgceKvFFjxVgVWVAYqYo8VMfanIqBxV4FFirxVkVA4qYosVMUZFQOKvFFipirIqBxUosVeKrKgKlFipiqxxBxUxR4qsCqyoDFTFFipiqyoDB5oSKZ71WBVZYgYocU0ihxVYUKxQkeaaRQkU5GaEkGhINNINCarChBFLIrQRSmApsMRYHFSjAqVWGJzx605aSPXHn0/OoOodBQsknU+3IhKSd2BtQ6nU4KrjGa+VrbiOjWR79PRlqdGta121sZ1eTuLHGpK7MjNlgQpxj0Hqc+lYUuekORp1fp+SDgSOYj/6yPFdMyxXHTrmwj/hkveiihWRbuKREjR1fHZKkHJHP1V5dXfKv7ff2d4bV9yGv0u4Tf8AnQfy9d9hKmu3jJ1I/uaFunXykgrESoDELNHkA+CQxHFc6w6P1C1e+ka2gbuWfUIbT5JHj0knCqjPiYDAw2SB6jGKuwtusW807XqXiwrbXawot3fTpJJ2dYlaOVmAGeR7YH68I7/V9r+Do9rD0zf8jfrnNtL/AOXVvTP9JJoDDcL+KGYc/wBUbj/TFYbG464tyVvT1BbcWlyGad7aVHZLdjHGW7Afljx9Xp7GtPT+p9Xdbp7qd0EVldOy3EEEcjvDEWjCiGQZYtjwOf1rqt/Li0Ye1j7DyBweOM88f5q+KC1+IeoTr1JpvlgLXp0962ba8ibaBokAOzSLzt9WMnjgcHDrTrUd9F1Kb5Lp7JZtbb9qZjlppTGEJnt0I8Eg5Piu0f6ivMTH4vpmPqE8NrBDNPJ24/m7dC2rNy+wC6rzz4rkHrscc9/bvZOPlXlZGhmGGWN1U5DDzg+/pXo4h0r4gs5X/hCTQ21wGC291A380RtIjI1vKFyvAOfOfHpXhbhEa66u65GBcggnnPzEamhaq1pWhknoxR3o+v8ATZGhyt3ELkFVJVGCyK+pBIbPnHp610Om9Qs76N0gkLSW+qyqyujDbOOGA9iP0rxkSHbpCj/8xbk+92ff8q7Xwz8tDc320iKs3YjLn8MeHkclv9efSu0JfG8mcss/1PU48UQrStoJP/BubaX8XMb7D6RseU2H3H/tVmxuwDxGccfS/qRkfiAr0rcab8mfhn6MwxV075W6XzCxBx+FlP3GMH1qjDOPMUn/APDY/fFbWrF+TGEl4F1YFXjB5BH5gj/NXitZWFFYqcUWKmKrKisCrwKvFTFWQUVipirq8VZFRWKmKvFTFWRUVipRYqYqyGgamKupVZUViho6qrIaBqqOqx+dORUBiqxR+9URVkFA0NEaE1ZIqBPNDRGhPirIzQJoSBRGhNWRULIpbCmGgNNg0ABUohUqszRzEYqwYHBBBB+4rkXHw9bSI/bnui7MmEJjYOWdcqfpB5GfWtljczX0iR29u7yOTxG6f32IAroXcXVLSznk7KQSs/YjM4STJ7bMe28TnU+OcV8jW1YYOXk+lpaU8sUY5vhmeaeaVUkWOR5HCxyn6e5IzYxkrwMft9qU3wvd/Nd0wTdnuh2T+S5KmYyEYaIeBxS/4Lcx/wAGmHULjW4vIlvYgwj0iEYmOhjfYg/h8c0FunXopWBuLpIgE1KzXSDIhdjj+aeNtQfzr5sZykrs9U4KLqmSP4f6rDIWAuFURnBjjxlhE447UgP4tadb23xHCZw17exld+zmW7QZDJr5cjxtR21z8UK1wJOoXwVFbtfzpW2ddAARIjDHJP6UcHWfiz5e6mku5BJEhdEkjhbKkyYJMluD/SP3rXP0ZWK9i06h8Zw2ndN9O044ETtuMAHz3Yj9q0nrfxVCsBZ7eUPHI7h7e2YKUZxrnVDk4B/WrHxB8SpDbyO1tI8kgR0kt7P6M6YyQycnJ/anR9d6s0kSNZdNk3hjlZvlgAoftjB7dwfBbB/KivaHL7BPXOtfNS20vTenSLGrSGRrYKhKhuAUm88e1QdeJhuXm6DbaRlRL2Xuk2P8wgkBWB/CcfnTE687y3cUvRenk24buN27tAwwMhSNh60J6500WTXkvw9E0DMVKRTsjMdduVlhHnP96Gku0Vv/ALGm167bWsSGDo97bRXB7gFldBFZsrHkq8ajPgVhab4JkW7klsOqRKCy3MiNA2C0m52KyD1GfFPj+Ieg/LW8knR7+3guZ7mCILdwts9sI2fVcg4yygfnQzdT+EWitO/B1CG1u4RcMjmBzJbyO6RupEuMFlINUW1yrKSb4lQtLf4GaS00ueqQumssCvAz/SHMobCE5GSa0WVr8LWyXgtOuv8A70skbG4trgFGKlTr9GPegivPhGaaJraa4a8Dpb2y9nuZif8ACjMmTuQDx7jFabK4+CraOTsdQ2ijjnZhP06cqkchG7nRfH1Dmtucqq2YWmlykghZ9Jaxu7OPrvSGea5NyktxHChiPaMaoY2jAOMk5PPNa/lI2uOiyW1/0kw2QtEuEjvVDzJDjPbEcqqNjzgg+1c9bb4UuY7iSDrMJSdpFeTsXSgeNgCEH+akfRug7dPI6z09hag6pKZkMoPrJ3K5qK7N2zpQ2HxPHD1LSVZZpGg+QNv1CRljVZN2LGR3wcZAwuOf3ekHxXGekLpc6qIx1F9raTnvszYDRZICkAYI/LjNcMfDlgY2SLq3SGJuVm3N1CH1H/0uR4pv+ztztctbdQtAXjVYhFfRgRMpJJBXB+361pL7KztwnrsvzyXsNzHFHLGLMNbptKuzZO0WeAMZyAaS8k8bkPbziPwGEchP7YrGnRviVGQxX11p29SIuoMSZMYzgSelWlh8axRwtJf9SAjjma4f5nKnVWIYFmIxXo0txLSjSOUoKTtm9W2HGRxnDAgj8waI49SK+cSfFnWLuGGG76hPOC6SRq2gy4UrnZVB961r1+7SGJXd10IIY4ZsY/pNelb6uJow9snyme4M0KnDOMjGf1poIOCMEfavnX8ckYyHZiGIbd+TkYznFOb4iv2Cos5QDIzH9JGPeiO/j5QvbemfQMH2/tU/SvnP8Zvg6n5y4OpLA9xvP2HitMfWb5m2NzKxzkBmPJPPvWvz4+g/Gfs97Urz3TOurKRFduitgkyMwAGPfFdc39j4S4iZuSADnx55r1R14yV2cnpSjwaqvisq3kBCZdcsAeCMcnHFaFZW/CQR71tTT6MODQVUfzBOPQ+PzqjthgoLNq2oA5JwSAKqATzStCFAkIQrG7BSzHI4/wC9EtVRaTZpQclaCPGc+gyaifWUVSCzqHUEgfTnG35VsPT71AzyRqERXZiWU4CqTkiuZ0l3tblWKrc3PUZIIJZJW4RQxbcjGcegAx/auGtuMf8AHk1DST7NLRSoQCuS3jUhlHGeSvFQRSnAAA+7EKP3Nd/6/RbPB8HLf2q8tgZ+THP3ryfmav0ej4NM860UqkgqTg+V5H6EUo16bMnkfJ/s1c+aycPAYfkDHuO+JDL3NSR/4erea3Dey/5Iy9vHwzkUsuvetbcbGa6d0gRUZslF2bLDgfvXTSy6kHXuL0bt9xA4iacyOm2Dpl8Zx4rH2eu/MBWtejxxROcXCSvvr3Ajdod0MGK5I/L71ue8lX6x5COhG+WKdGRUc41cFkZWVkZQSMqynH96SXjHBdeSAMHOSfAyPWuDM/XnjKXFpZQWiWzrB2njSbf5nQRkGZ8bLlshAckU3p/Tb+btTSSQLrN80qYeQbaJFg7ED+nP61lb2UY/suRe3i3wzsF4/rG8Y05cl1GvG2Dk+cVemQh3jG5VQC/OSNuR5o7XofbijjEyY23OIEJLsApJ2z7CurFZzhtjeOGJG2kUCjkY9Erk9/Pwv9/k0tpHy/8Af4OR8tJtrtFnXf8AExXBOByB5pMkJUMS2MbBRq+ZCP8AgAH7V6gW84/++vMc5wyj/ApctrMSubu/JwdP5jDJxnjFD32qvAraw9nkvmLJeGuoVPkgiTIz6fhqV6ZelwMMvJPtnnZ2z+tSs/n6vovxdP2fEen9W6jYSrJZ3csDA7fTypPuynIrux9R6h1K2lluLiV5o5ZWna4kAQgwgpqFwf2HNcdbWzGzz9wGNOGfAiHjmQ+RXRgeyhWaOGOSQ3FvpbvGsb25kZ1UuxfkDg4+k/pXLUScTrptpntAzzxNb2UsEfUrW3Zo0a3eR+2xADh3AjwxAXycAeOK4nVOq/GnRorKW5uLOV7p5FKRw2zCMxIGYEnXxn3rvdDmu7uO6OF7UF+1qDgqrxIFCkHknPPtWL4qv5emDpdnJbW08t18wuYmdUjVLgFSocE5P9X5V4dO7pqzvq92mcyH4l+JpPmGP8MEcN1Ba9ya1QRlpAzHBV8ZAGQM808/E/W+z1C5Wz6VJDZtZxsVifYy3H06nWXPocHHOPFCt2Lvo/fj6fFB/wDOZ17TTM6Zt7IP3OUySeQB9/NNu7zpVrZ3tsnTVBe6h3XMzKe3A8qyP9GTjbjH98V2dLpHFvxYFv8AFnU5rK+v26P04xWa2rSLi5V2a4kEaBV2P5/pWmD4keeG8uD0Kw0tV6fuO5Mrub2XRFUFD48n8qZFL05/h64uI+lWyJI1nG4KMO83beQO4Mf9JOQMeazW3WOkXHTuqWg6dbxTRPZrhQ2biMq+sz4j2yp9Mft5puN1QJv2OtuvdOu4upTt0G2RLSe2tZT32BkmnR3TBaEDA1559RVX17Y3XR7k2nSuyJ7tILUmYOXRdZXm7SLgZAAAJ9c/nnm630M9PW1i6ZDDvNE02CxbeOLQTNpGuGAJA/OuvdX/AMP2fR+ldSfoiXFlLMflokZMRSyRqXeRXjxsCuAa5Xm6idFSVs8t12X5bpfwj2u5bsy9Yu2RNozLmaJcsVBPoCOKw3V/Ktp06S8gbsrYWMVuO/Ku1qWeSIvwQTyTnGa7XU+odE6/P0yNrKK0jtxdQwkyNIWe4GCh7eFAyMjjyPbzkvbSzunsbKVLqBY7O06dpciB3MdomkUsfplhya66WoowUfRiccpNnO6f1q1iv7CS2s83CXMc0StKpQyxo+NsxZwMk+f/AH19PuLFLfq9uo1NxYwq3cCM3b+ZhOsbxxqo5Vc7A/hq2+G7DpTR9Q/iDuIHJSKeNVEjurRhTIpGPOTx6Uuy6bLMJJrYp2m7cDGQMzdqOTu/ySrZz+Y/zXSc4ztJlGLT5R6qa2+F7Swtre7vHtIne5WNjazS9xmVXmw6K2cZHOP8USxfDCXlo/8AGytysEcEUUlndqWSWISp9ITyVIYfnXDmvbGW66bZdSMtxaWclw0eFT5lDKmrFgBgkADP5Gu4o6AfiIqkVy15FNCbVle3WONo+ndlSR5IwB4auOlJqKUnyM0nJtIUln8MNFbhPia0McF08uzidQ0j/wBLlm/Yfajk6d0KVJRH8RdHBmMTBnmwchj+EFvXxXNY/DK9MhtUuZ2S7vbBrvuxRrobcsWELKoG3IPr6+dq6B6Z8ML1PoUctzMgjg6RJZxvbFxclGlkUTsgwMk/V48VtTVtNmcAv4V08vdOnX+hESwJbqPnIFWMg/jGf6jXiPiWWW06o9tZdQ+YhWztY5HsriR7dnZCWTaIhCcEbceuKd1Wz6EOg31z0+9F3cP1fpcdyghljNqzQ3TGP+aADnHp7Vy7SIXFlax9qFtZrgIuNc9sRFmJHqeQc+/3rsmorJmMeaDtUCRRzPEUPbDRDzkMcAhXPj3pc0hJUM7YByeOAB6H058V1WmbSIsEbeG2bXVGbTt51yR98n9/NZ+3ZOXYFwX4XXGUI+on7/YV43qtyuSOlVwc8bHYLgcnY51OPPg1oXACEMNgSCMhgccZFEyDZsKX1XIUDJAHrgVfYfRZtOFGw0IDhTzkpWlOL7FIB3jYFSv1E4Ujjk8ZyKBnAOCcbeTknAH5VWIiBhuOePvn/SorgrsVXlsqMZwAfxVsDWsjkhsryAD9SkH08VviuGQYJZgQQR5wDx+dcUsigEEhSdSSQxA8+nv70+O4kVYXdGWKV440PvswUYqd+DSZ2478RRyeQEO2MZA+2Pucf3rrDqMsCWU0WzxT20ziTIZTJwp+jORr4wa8lLPEzzQHuLglQSQJNduMgcU9C6IBszRj8BJCgbHNa+eUQpPs91B1fZ7MqkofNq/4CVyc7A/6VzrO51vIe4vdAlBZJHI3Bc4yfSuDbXsqyghzvEYgVOSSwxwB4P2p9u0PftU2jzcRQmXussaru/ILseF9yf8Auz1HqctmoqKVI+qWtskVreSpYpamWyfLpcNKXwrEDkce9eZj2eEIEWNWQBirYOGDA4K+P3/atnS7uxtrFnNr062eWzMLSRX8DyyHU/jjOuPfyfbFcezkdouLeVyqwhVYnXJBHkkHj1redo5YVZ6/psUB6f0cduJtCVTAXHCSAcjIraUHauGktUiKxsV+pZM4UnPA9K5FpeNbdIhuGiYJbCWTQfiOokACkA8n04rzvw78QG+vusW80s+3UD8zasZowqmCJl0cOwzsAMgA5weBWFJULTR7WBVeNJURArxRtCTCzOuRyWP4TS5r3p0UptHe2Fz2mdomhfIQJtsdV8ec0rpt1K/TOmOAQBbw7Eg5K/hB55rPdsjXL3Z6Gsv8swfOSTBJCAmxjMWpYDyP0+9aTTRl2hKQfBtvHFdvD05Q80fauDbOqd5nDoEU85zyDVi0+CPnBbC06Ubz5swhDauXEykSFcnjI4Oaw9Vu4rHp9g1z0ERQyXYZIEPzSduONmDNqAV9Me2Kxf7UfDq3ck/8FmNzHc28rzPFJHOGlbtdwAgjbHgBueOaYy8BUqs3R2nwesPzUI6C81zO8Edz/DGPcJZJXTSNhk8g5z5P6Vuibp0d0IUPT9Ra935VLKVHyVLgiQkgA4PpXCter9J6jBNF0z4cZhY3KzSxAmEJuP8AxFLqDt9PgA+PPpXdZZUnjnXoad1IY0mnE4LJGyErHrjn1Hn9s8kpc0VNDB1CzWK5lWewAjZYV/3O4IhlUMJBLhuefy8fetdqJDDA7yKx0QyGG1MUTuOGZVcs4B9ixxXLcTJZ3OvwyFzPrJB85H9cshyWLYx6gn8/PFdG2XqE1npJbR2cn1IkSyGQR44ILAYxmud+zUb8nMv7+eH4g+H7NEdoLqNjKyiZlRg0g+oqdB6eRXLS4vz1D/4j27LLrb2k8lkz/M4LjuEBGLY9RwuKl8bazvOlXF+X+ZZi3T3SYRxx4OG3hkdS2D4wp815mLqCdR6p1VUknjkuz5jnYKVwNgQ7irLjo1hz2e5+GL/u9B6O926R3PYZZklYo6ssjrysp28Y81K8z0rodt1KzW6hUFDJJFl72SRiY21Jymw/9VSsOfI0jHF0dX3Lxwusa9xgXJBAZeMYA9alv0S1iR1ly7PJLJ3MrEQruX01QBcAk+nr+3nI+3P3pAiERqNss4zswXAwa2QBTkKkfIA52IIGPc0yyRpU+Eek6fYXPTis8HUSsKXskogymhLwqNSpP4RqCePP50zqdunVruyvL2WNpLJZVgWIoifWS52Uk5Oa4ydNklRSEtzkyEA74BJBLecf2rLeBbOXsvDE7lUORt49PWs5W+Bo9EivC1x0xfllsoIIHhb6C3enXacl/GeFB59T702S3tryF4pjZI0YefuwiASFn1jZQX4OfyrzJjAklhEULBWChjtzsATgA4rWR2LZ3McP0qmoC+cvrg1ltjSO+4hayNis8Cx5RvoSEShkUp91/P6KzjpXS4EmjUWSTzlZZLlApmfKh9MuxGvuAK5cyyRwLcap9Y0wARkEeCc1JUaGMSBlbDFQSMkEjnBJPvRk10WMTpGwse3rKLD5aKSOSVO6k00s+pVmVWjXCnABGT481tkhgubbpnTmmso7K1uO7EiYRWVVICNtkYHPjHnzXF0dYopGIDSydsLqvIVdskg1qltnRLRpJATIsgXKJ9OFLfTn9j+dEptvo0oRqjRNaWnzUd/bmwgulQR7GFAzKsboCjKBqx2+ogcgAUya2V+wplsJWjDvO/kuvbXRUPJ1T6vNcO4urhA2pV2whJlAONRwBgirkvLi1mBQRuVXULKMjmPU5pTlVUTUUzuNGAsP8yyYy7DUTZCangtx6+nFLitbO2UGF7GPvzSFgsx+phGGZ84x7CuA15cEQELAHeNtiFHH8wkBfbihW6lKAskBcSFR/LUjUAeQaufRfr7Oull0+O8vjvZI0Xy8v85gEeSYOGEUrAk4/rGMfVXRijsRc3/UVl6d3mCNDJnushEK22IwpAyRnxjFefguJpJSoEa4eMKURRgNszen2GP/AHrbHC5nvYfo1i9Qigk67NkYxRbqqKo2EsK3VnHaQL060W3ullZLuN3muZtVUrH3CcAEtk4514GBzouLCC/uOl3t1eWncsbez71tC5W2nWAFWXIAYA5JOBxjFZR8wkEcwYZaZEi8KBuQSSMefNW8JS4itiw2ECvyq4Hc2YkADFOcn0gwgZpfh62FjLa2V7bg3N5H1C7lu2ZmmnQSRoII4kCqih2zknOfPFNuOnXk1pawTXnStLRZXWGztmheUBRheDkgYx5HJpb3DR2L3AcfRNbwR/QCOQzn6f0rHL1W5jhgYPGS8jgfylA0C5I19M5qlKc+0KUI9DpeivdC1kM1hE5t4YmhVpFlWSONAdsArjOQDnwPvXPf4dvYSrrc2zs0YkOlwuFdiR2/rjGfHGcU2XrN/GLLVowxiV2JjQkhlVx6cUqTr3VCIQsqDEaE/wAmPlucnkUKMjDULuyh0LqMc8ypcgxZlzMHidXKAlTgEMMnj9ftSouldTkBdzIApjZURYu5LGxZXKsWIwvGc+c0/wD2h6qZpVEsYQd3CiNMYAPk4zSh13q7RsWuFyO2qntx/TknPpirGY/oKf4du9o3hlb6ldGWSNMxYcphnVsE4+rj04pf+z3UMXe1ymIiPl9WAa4wdRhc8ZBzyac3xB1nEafM4DlmYBIwGy+BxjFU3Xurk3R+YX6O4FHahwBvjA4rrH5F5QPD0Kj+G+oEo3zC/UnbuNtSYlVwASdueOePypw+HeppApbqEXcjuOIiGZGhjYBPrH0jxkDnzQ/x/qx7O1wpLhgx7UXjYJzgVoHXr4RAtMCWuO1hY0Hl9eMLWv7v0FafoTL8PX008kn8QttBDhH+rdZcCTtEKp4z9Oc/f1ro9N6VHAlyb6eGZrm3ntRI2zC1fBRZIl1IO3B5wRis567cJLLB3Dr2Wk/p8hdsZ181rterT3Iy9wykRyysWI8oSMZAFZmp1y0McL4RLfpltaPaTCSMTxXaySSHeTEakMqpDINS2ORkgcePUaTao1pJBJNAe5FDZhFjYK8A2chpjhgWJyfbgDissXWHlW2YzyqZblIDiTGqsyITwPGD/amfxCVuyBPL/MELYLtz3HZfP6c0VJdM2nF+DK3Sel7ZVlcAoSzbI4Kud0Ur/Y+ePua7VsxhjKPO0pADxFAQEdcAbliQePGOeK1WfTre7topib87s6nFzwMTaEcj86w22JRI4eUBVyuXJbk/8XvWW5PyX6rwNub65mtTZRXSKkRQO7R5bGSxcac7ecVxLbpsFvLbASh5oYGkuJsSDvMGYKEGQAoBB8E5r0f8OgawkvJJr5gJNQEdGCgPqSoYVw7W76fPcW473UMXSukKxLA77o7jLrng8cUJySpGnTo7Vn1e5tLeWIyRywgkWi6qHiiHIV2HBIO3p6j2oZviG4MdygAjm7ThbqE5nTbVSSjntkj0+n29qKy6JBewu3f6gNcgELFphuRqT5x60Fz8OLFHcOLq/wBI0kcj5aF8YAz4IP3ojwylTVMTf9WvLq2tbWC5ntFaeS4vJI5MtdAYCpk4K4+rOODnxxxzWN5NdC6k6hdl17DXa5+i4kilaSNuWJULxgYIyucc10LzpzQ2LdQe6mKFIEO1nGFKyAMDwePFYGa2ijCG8b+YndQNa4Y6NqcNtnFbU5+DGMao0RXdjG96obqIincSS637J3HQEDDKu+TszeR+IinydcvRdS3Eck6LmD5ZHn7gt2TBb6NVRlYcfUpx7+/Niti8s8MdwWkEPd1+VYHTxnZWNNk6bcKVAmY7Ip5tZ/JwvJHtQ5yXDZYQfg0zdZvit6sVzLEJ5FdAruWtyCG0R3OxGOCM4x4x6i3X+pi6u5oZhBC8SRpC8QnSE5dlKliGOCSeR648CufNbSoZCZV+gRkAwTLuMHk8VnKuHK7oCUVwRHJz/T7Vm78ikovgZ1W5uuqmN5p2jFrI5txFGmYs6nQMcHjGefesXbs4pIHZGeWOBIn5dO9JqUMhKHOTxnn0przERyIAqKGA7UYft5HJbDknJ9eaxu7DOUXBAI84xnPnNdU30jLSOla30FjCsCRyhdmkwbnJBc5wTkVK5BDnBCDBA/qepWnyc8I+h1hbXBtLqUxkLtGu4Hkgk4zW22H+8pEDwgYv98DPFDDLOIOw7koSDqOBn74rVaq38SeVo2WLLKvBCtsyqB9Q5r0a8HGNszoSTkehg0jhTYYOpC59/ANed620S9UdAwwpUNsDwAiksT+/FMvJ+pyTo1uZO1G7Fwr/AEnDcqNuMD8658vTuqXVzcXE00eJSxXLjYKRgj6Rj/1V5NOFcs6TlfRtR07tl9YzPbi7fOPB2wAc+OKC5uo2S1UNnuIr/YDcj/lVJ0mQxobi6i3Eawc5BKLx4yDVv0aKRbaJ7qMLFFqCCVYKWLgjOcnn3rbxszybr2ZFsbA7grJIwznK4Q4OP9aSJVa2hfYaNNMPUY18nmqfo8Ei2sEl8GW1EmoDLszSMWb6cceK0jpVmIbeAyNpCZ2HIwO66s5y3PtWf1Q8mSW7QxW7dxSv81kAYZzsF9K63UJWW1sW3GpgaQEY/C2QP8GufNY9NFvZgTAIjLDswXlO4HYkL68gf9qT1+WOFOmxpJLgROr7ZAMYVXXj8mri/o2nXZmup4keFSxDPDHJhgQfrwRipe3EayuGflSV/UcHzWXrcZfq5WHCqkfSljUeBIYIm4x6ZNKv1IubhJHBkjuZ43YE4ZlfQ49cE16ow4RylPs1xTRuwAYkhcDANPgZChPOA4XPPlveuXbQKRfEPoIbR5sAMSzd2OELjPrtWiOSCG07p2LfxSNe2AWYhIO5xjj1GaJx4dDCXJ3rZFEqMByzA8459K3I4E9+4/rWcn9itZmvenrHZyrE4dkgJJ+lRvh+Vbn28U/5qIzdRxCzMkTAMFxuzf0g4/fmuCTo3aKkOYrKM+O6HAzjlRxR3HN47/1LEinPniLilpKGNiPln27ZdgMtq7AkZOMAfrTQwkDEwkMZDlmjcZBUDgtUkNoyzxqbJY8DHe3HvlY9f9a495EuI15IRWPP/wC3mvRMjMbteyuqshg1ZvBwGOP0rhdTgvkkvJYo9YY4XZHJYlRpznAAHPjmtxMtnOmQs6ZyQsSKPyVQo8flSzD+HAJ4UH/o1iF7c8Zf0AHC+2PI/wCdE1xeADk+c/hB/Tniu6ikcW7H9o7yNk8hjyDyTnirWFypGx8qeRxWJbq5BJJ4bxn0z7U0XU5KKTxyCBkZ/amkFsNoJfp5/CPUfc+tX8tN9eCPqOPHqTmqSebZVJfOcAFeTnn0NaRLMuyvGQW/B58+cEEVtJA2xSWsuY/qXg55B966CWrap4/GGOFB8NQW8xdgMcqAD5GP3roLkBfcH9q7R04sy5NGU2xLOxC8hh4HjxWyCBVUZVfDDgD1qDyTjmnoGwOD4NdVpRM5sKOKLEY0ThgfA85BqhDH3o/pH04A8f0tkUyMfg4I+pT/AH+9AqsbhOTgOPufxg1nVhGPSNwlZ66wl7dvEqquq5OCOPOa89bqoeRQBgu3AHs1eu6Y8SiDIXknzzjnFeNiLdyUKee9JznkDu+TzXi4SfB3u/J6C2JFl2QishmyVO2DltuayWfS+mW101zDZW6SqMoyhsock5X2PNdLp4ZbGdWOxS9UkgFQV7iHgMfaukqxLJI+OGAUjjwK4pr0dGmc2xaSC3SKNfozLjliRszM3NHPPc4YFSVYYYc4OcjmtFqBHEkTY/HMSfuXLU1wjgEsFK+mfvVkvRNM4V0Hn6fJaSqTARGv05GAuQBmudN0uwddWtWwLcxKQXyI3IY4NeoWJX7iH8DkY9QR5qnt4TohYZMMcfnk4IFCn9Bz0eat7eO0mvJraErK0IgZsuSItt9eePNdEXd927c9rA0EZbBGQDkA5rY4ha4v4fAkjj5BxgkIfT8qzvHGI7eN+5wxHOQPw8ZzxWG0/A8k7l063AMIIZcNnHHpS7SPvOsvZhkeOJ4wx14VipPGPsK2CFGllbZgspce3nLDApdrDFaiRV8FiOTn8WWrnwvBKzk9StbSUlJY4lCyOxEWob78ivP39jYwXlpGDKBIJJY0ADIRnc7N5x9q9F1Wxd4XlTYsWDAfYtya4/XrWUj4XmRXywWGZlVjrnt/ix+ZrpF8hJ02c1rW2R5FIUfWTgEYGeeOalc3qlteW19cwqCVVlIIDnIKg+lSuyiGSGKxon6je2sqFIxIF0dMjOD/AI/tXOlvEikZCfwkeAT9/WmC+jWG3eQHd0DDII4LuAQFP2r6GvLJJI8eksXYcV11H5UJHCzTNLcOw8ZDOmPJx/xfvWuRuqPGNCAysxOG8bPxgAZ8AVmbqSxpCwVMv3OMnOVk7YHAJ55I/OqbrEuYkijBLY4wSclmz968rT8I6pr2bpV6s4tlBCAKpl+r8TKWPkfmP2ozB1KSW3PflRY0RCgwQV1RWyxIHpn9f3wN1DqhKaJcDCqWCKUGdeRkr7/erN5dNIhKSrqQDs4CFiV8FiD/AGNZpjaOmtvdtcGUyhSHLqrqx1Grr+Mucjn+1XHYOkUkRu0Jfh8RrwC5fAGc+w/QVzUk6g0k0pSUllkXEI7mQytk43wPJohHdqsyypKFkAOCE3VcltmJcD2Pn0op+y49HUPTrYRRJ32ZI3Upl44wSNc+QfsaKax6RK8fzEsjuyDRHkUocoqcIy+wHiuUbG6CQxSzCMrqyq2QxSQK6sMAjkY9RT3swlwrTPIzL248mTCjKqoAwpxnis19mk/o6EsfRNmlllBlUwknYg/RqiHdfbA9fSlFOktcbSqJXufriIkSMBuTsQByMnNVN0y2tt1uXlRSdZAH4Vg3Pkf6UgDo6PFlM4z2nWVW53ONlLUJWLbXZsS46SheSONGEShDHkt3GC+QWGDz/wBcVraWw7RVrZSQQyoI1K7soJ5Uk8e9cUXXSId3SN8Z4aSZdSTnhUjzg1qW/tSiP2Nxo+RsSxAVWGTnnz5xRKPkFK+maP4taQxRaWkwO6xIsH1uMDwRIP8ArFaW6mDPdItu7YjypcIokf7HP9vtSxNbm46QiRIiTx2T3DRsAkffAdo1XjJH6eaXDegydV1hiDrZu0bBSW7gmTGcjGcEisf+G+fZpW+vJBbFrRyxwzaxJlckrjKnI4oDc9RdMCIRytJlFI+rtgZOAWrNJNf/ACdqYComZ7szYVWBQFAiqp84+rP5/ttkmnF5esCwjjt5exG6fSHMYjU7ZwTk5x9ufenF+iv7Ca5vmadljZ/5aquhQDYAEjOfPrWe4WadJFfvDu2zQnck4aRdWJGdTj86rvTwW8KtuZWnuJGkmRAxU6qFGMj3pCXEiZG5IPkcV7NLaSnG+jhPWjF0c9uhvbLGwniffZfpiCMAMcYLE4opOnjC4ByBz4I/YV0DOWxtz559anc/KvdDapL9uzzy1rfBxRYak5RSduN4wT+maf8AI8ZCnyfOx/bBrp7A+lXuMeB+1K2qJ6xy/lSAuE/Tk8+/NWbJyMAYGefpDD9ga6ey4HAqbJ7AfpWvxkHyme3tCpUnOB9hn9Qa29pcf6nP+lB3MDjFTuGusdKMVRhzbGCNMAHOaMBR6nHqM+aR3PvU7n3reKRnJmoFRjgcEH196FThw/qDn8+Qaz9z71DJRKKl2Sk0dZepTIQFA1yP6mzjOeKwWp3vispVYp/mSMgnkhmCjXmkdz71aylGV1OGXOGGM88etebV0IzVI7Q1XF8nthcW2pBliUMQeTkeh5FQ3Vr4Mi5PrsD/AK1497+6cAGQ8eMBR/gUPzlx6yMfuTXh/Bn7PX+VA9oZ4jwHjwOckqOftzWC+6kqd2FTzhMMG14bDH8I/wBa8095PISXfJ/Uf4pTSE8k88etahsXf7szLdKv1R3z1JwVaKUIUVRwwdtwMZwcccmkT3kzGKVrlisMMQdGYKSyFiWBJKgHPPFcUSH/AL8/5oWbdXU+HGDjziuj2SrhmFueejVetfNMLiFyI2traQEblSNi2V5A8HH6Vxor6+jncFi287a525IRpPpBrpCZhCkA17axJDjH9CeBmkFU4PPBz+Jse3jNc47SSXJqW4jfBus+tMwjLKT3RlMMQfpYgj6uPSulD1WN8H6gTgYJA+/nOP7153RAFwWAVgwGcjzt60xJFQtgNqdcLkYDA5yMCuM9nLwbjuF5PWi8haMdzwdhjAOce3NW8to0ce2QEAZcK3Hpga8V5iK9WMSL9eGLsvAzk/l6U49UBgUMqM6qvJ2G3gHK5wa87200dVqwZ2W+RlO7qxYj3lX+ynFSvPfMjz3VGecIMD9OalHwTH5IHkmt4pSzu+zt7gqM+PSoLOD6NmXjAACAjUDA4YmhDn3ow598V9VaP2eF6iOn07pcFyZGEgTSGecM8e4/lDOABwPzpcB3kiRbdwjMgLgsyhS4DkAADIHPmqtLoxLcRtIxE0Lw6HIRlYg6tyODjnmjims7eRZBAA66lezJnDL9QbGxFeeWnO6R1U1XIdwhS4lNvGez3D2HYLuyZwrPkn/ApvUXeG9u47Jt7ZXHZyidxkaMEMFkwfPisguLYsM28apuzt9JdmYn8RyQM1oN+gXVGkxvvr2oVGcY8kk0fBMPliaLoTvclYzsscNojaKxDSmFdiFPPn70V9bXc8kawxqsEdtbQDdwHaZYsOWU55znPNYz1CYgDVTg5BJfOf8AykClNcO7bNjP2zz6c81tbWTfLMvWXg6d5BPc3DDzEYrW3Uv9AYxQrGx2Un1z7+PTNFeQ281xNNJNo6tEQQ43+lEDMFAOCccY5/KuPufHJHsSSP2NEsrqRh2GDngnj9q6fiLyzP5HpDOu9TivRLo0pKXTLJvnUOSXwmzZ/M4/zXGRlMtmCAFCxqSvnknJ5/64o5keWMcZd5mkLFW44Oc49/8ASoLdsxszEGJFUAAakgffnGTRGOKpE/25YlW1glOeDLEoA9SAxrvdPlijt0bUN3YU/pVgOMcZrkC0TCoWYDYsSCCfGPOK3KwRVQeFAUfkBiu+npqX+RiUsejrjqGDtq7PkFWYoNcKF8BaFuoXBAAOBgAj6QCByOFArl9w+9X3PvXdaGmukc3qzfk6DXkzeTx64Lc+vPNB8zLx9Z9fv5/Ose/3qbV0UYrwZyfs2NM7nLuWP3P+B4qCQf8ARrJtUD4rapdGTb3T6UQlNYe4fer7pqI29371Xd+9Yu4avuUkbRN96IStWEPRhz70NkbO5U7n3rLufepuTRZGruD3q+4fesu5qb0WJr7hqtz9qy9yr3qsjTvU3NZt/vU3+9BGrapuKy7mr3/65oE07VW/3rPv96m496LI07/lQl6Rv9xVb0EaN6rekF6regRxehL0gvVF6BHF6AvnyT9uaVvQl6wxG7VKRtn1qUWRyAcUYY1mDZow1ImnbOPA9OKINWcMaLfxTYUP2qw1I3qw1KYUP24q9vvSNqvamwoft96ncFI2qZ+9NhQ4ED9sVNhxSc1e1CikabY7f/rNTek7Gr2rXCMu2O2/Kpmk7H71CTTYUODecVe596QCavJpTKh2/wB6m/3pOftU2psh+9TekbVNqciNG/3q9/vWber3qsDTuT61O4azbGpueKrI1iU0W9ZN/vU3PvQJr3+9Xufese/3q9z70EbO5U7tZNz71NqSs19xandHtWTc/er3z60Ea9xVhx71mDD3q9vYissR+/3q9jSNjU2NQj9qrek7mpvWbEdv9zVF/vStqEt+dVkNL1WxpRYe9CWrNiM3NUW80vYUJas2IzepSNvvUoGjmg1e1KBq802NDgwo80gGjDVBQ7OKvYUkMKvbNIUOzU2pe1QMKiG5qZNLBFXtTZDM1M0vaptVZDM1M0vaptVYDNvzqbH1/wA0vNTNNlQzapt96XmpmmwoZt96valZqZqsqG7GptStqvP3pyChm1TNLzUzVZUN2qbClZqZqyKh2am1K2q9qbChmwq80rapmqyoaGq9/alZqZpsqHb1NqVt96m1FlQ0NRBqRtVhz70CadhU2PvWfc1N6yaNG1Takb/nUDUMh2x96rY0raqLUDQ0tQlqWWFVt5rIhlqEtQFqEsKCoPIqUsNUqsqMJDI7Iw+pGZWx7g4NXmpUqNFiiyvGAfvnFSpURYI9qvNSpTYBc1fipUoImamTUqUkTNTP51KlIF1KlSkC6malSgiZqZqVKiJmr5qVKSJU4+9SpURfNTNSpUgJVVKlIl1AalSki81M1KlQEB/OrzUqVWRWamalSoixV1KlVkSpmpUoEmamalSsiTY1Mk1KlDIomqz5qVKyaBJoSalSoQ44nkBK64BxyT7ZqVKlBH//2Q==\"></p>', '2019-05-09 15:36:16', '0', '2', '0');

-- ----------------------------
-- Table structure for activity_type
-- ----------------------------
DROP TABLE IF EXISTS `activity_type`;
CREATE TABLE `activity_type` (
  `id` int(11) NOT NULL AUTO_INCREMENT COMMENT '活动类型',
  `type` varchar(255) NOT NULL DEFAULT '' COMMENT '活动类型',
  PRIMARY KEY (`id`)
) ENGINE=InnoDB AUTO_INCREMENT=3 DEFAULT CHARSET=utf8;

-- ----------------------------
-- Records of activity_type
-- ----------------------------
INSERT INTO `activity_type` VALUES ('1', '活动预告');
INSERT INTO `activity_type` VALUES ('2', '精彩活动回顾');

-- ----------------------------
-- Table structure for club
-- ----------------------------
DROP TABLE IF EXISTS `club`;
CREATE TABLE `club` (
  `num` int(11) NOT NULL AUTO_INCREMENT COMMENT '社团编号',
  `name` varchar(60) NOT NULL DEFAULT '' COMMENT '社团名称',
  `introduce` varchar(255) NOT NULL DEFAULT '' COMMENT '社团简介',
  `create_time` timestamp NOT NULL DEFAULT CURRENT_TIMESTAMP ON UPDATE CURRENT_TIMESTAMP,
  `club_type_id` tinyint(2) NOT NULL DEFAULT '0' COMMENT '社团类型id',
  `status` tinyint(2) NOT NULL DEFAULT '0' COMMENT '社团状态',
  PRIMARY KEY (`num`)
) ENGINE=InnoDB AUTO_INCREMENT=79685 DEFAULT CHARSET=utf8;

-- ----------------------------
-- Records of club
-- ----------------------------
INSERT INTO `club` VALUES ('1', '计算机协会', '<p>计算机协会简介</p>', '2018-04-22 16:00:00', '1', '1');
INSERT INTO `club` VALUES ('2', '职业发展协会', '职业发展协会简介', '2019-04-23 10:41:03', '4', '1');
INSERT INTO `club` VALUES ('3', '花卉协会', '<p>山东大学学生文献检索社团 趵突泉校区图书馆</p>', '2019-04-22 16:00:00', '2', '0');
INSERT INTO `club` VALUES ('4', '极客俱乐部', '<p>极客俱乐部简介</p>', '2019-04-22 16:00:00', '6', '0');
INSERT INTO `club` VALUES ('5', '轩辕棋社', '轩辕棋社简介', '2019-04-24 19:04:08', '6', '0');
INSERT INTO `club` VALUES ('79681', '654645', '<p>645645</p>', '2019-03-30 16:00:00', '1', '0');
INSERT INTO `club` VALUES ('79682', '212', '<p>3123</p><p>4324153</p>', '2019-03-31 16:00:00', '3', '0');
INSERT INTO `club` VALUES ('79683', '3123', '<p>12312</p>', '2019-03-30 16:00:00', '2', '0');
INSERT INTO `club` VALUES ('79684', '123', '<p>3123</p>', '2019-03-30 16:00:00', '2', '0');

-- ----------------------------
-- Table structure for club_type
-- ----------------------------
DROP TABLE IF EXISTS `club_type`;
CREATE TABLE `club_type` (
  `id` int(11) NOT NULL AUTO_INCREMENT COMMENT '社团类型',
  `type` varchar(255) NOT NULL DEFAULT '' COMMENT '社团类型',
  PRIMARY KEY (`id`)
) ENGINE=InnoDB AUTO_INCREMENT=7 DEFAULT CHARSET=utf8;

-- ----------------------------
-- Records of club_type
-- ----------------------------
INSERT INTO `club_type` VALUES ('1', '理论学习类社团');
INSERT INTO `club_type` VALUES ('2', '艺术类型');
INSERT INTO `club_type` VALUES ('3', '公益服务类社团');
INSERT INTO `club_type` VALUES ('4', '职业发展类社团');
INSERT INTO `club_type` VALUES ('5', '体育锻炼类社团');
INSERT INTO `club_type` VALUES ('6', '兴趣爱好');

-- ----------------------------
-- Table structure for file
-- ----------------------------
DROP TABLE IF EXISTS `file`;
CREATE TABLE `file` (
  `id` int(11) NOT NULL AUTO_INCREMENT,
  `file_name` varchar(60) NOT NULL DEFAULT '' COMMENT '文件名称',
  `file_path` varchar(120) NOT NULL DEFAULT '' COMMENT '文件路径',
  `create_time` timestamp NULL DEFAULT CURRENT_TIMESTAMP ON UPDATE CURRENT_TIMESTAMP,
  `file_type_id` int(11) NOT NULL DEFAULT '0',
  `passage_id` int(5) NOT NULL DEFAULT '0' COMMENT '关联文章id',
  `activity_id` int(5) NOT NULL DEFAULT '0' COMMENT '关联活动id',
  PRIMARY KEY (`id`)
) ENGINE=InnoDB AUTO_INCREMENT=103 DEFAULT CHARSET=utf8;

-- ----------------------------
-- Records of file
-- ----------------------------
INSERT INTO `file` VALUES ('1', 'f.doc', 'files/f.doc', '2019-05-06 23:18:21', '3', '0', '0');
INSERT INTO `file` VALUES ('89', 'th (9).jpg', '/images/passage//th (9).jpg', '2019-05-09 14:20:27', '5', '92', '0');
INSERT INTO `file` VALUES ('90', 'th (10).jpg', '/images//th (10).jpg', '2019-05-09 14:53:56', '6', '0', '23');
INSERT INTO `file` VALUES ('91', 'th (10).jpg', '/images/activity//th (10).jpg', '2019-05-09 14:58:17', '6', '0', '24');
INSERT INTO `file` VALUES ('92', 'th (5).jpg', '/images/passage//th (5).jpg', '2019-05-09 14:58:39', '5', '93', '0');
INSERT INTO `file` VALUES ('93', 'th (14).jpg', '/images/passage//th (14).jpg', '2019-05-09 15:16:29', '4', '94', '0');
INSERT INTO `file` VALUES ('94', 'th (10).jpg', '/images/passage//th (10).jpg', '2019-05-09 15:16:23', '4', '95', '0');
INSERT INTO `file` VALUES ('95', 'th (6).jpg', '/images/passage//th (6).jpg', '2019-05-09 15:13:01', '4', '96', '0');
INSERT INTO `file` VALUES ('96', 'th (16).jpg', '/images/activity//th (16).jpg', '2019-05-09 15:32:50', '6', '0', '25');
INSERT INTO `file` VALUES ('97', 'th (1).jpg', '/images/activity//th (1).jpg', '2019-05-09 15:35:22', '6', '0', '26');
INSERT INTO `file` VALUES ('98', 'th (13).jpg', '/images/activity//th (13).jpg', '2019-05-09 15:36:17', '6', '0', '27');
INSERT INTO `file` VALUES ('99', 'th (5).jpg', '/images/passage//th (5).jpg', '2019-05-09 15:56:32', '5', '97', '0');
INSERT INTO `file` VALUES ('100', 'th (6).jpg', '/images/passage//th (6).jpg', '2019-05-09 15:58:58', '5', '98', '0');
INSERT INTO `file` VALUES ('101', 'th (10).jpg', '/images/passage//th (10).jpg', '2019-05-09 16:06:49', '4', '104', '0');
INSERT INTO `file` VALUES ('102', 'th (9).jpg', '/images/passage//th (9).jpg', '2019-05-09 16:08:14', '4', '113', '0');

-- ----------------------------
-- Table structure for file_type
-- ----------------------------
DROP TABLE IF EXISTS `file_type`;
CREATE TABLE `file_type` (
  `id` int(11) NOT NULL AUTO_INCREMENT COMMENT '社团类型',
  `type` varchar(255) NOT NULL DEFAULT '' COMMENT '社团类型',
  PRIMARY KEY (`id`)
) ENGINE=InnoDB AUTO_INCREMENT=7 DEFAULT CHARSET=utf8;

-- ----------------------------
-- Records of file_type
-- ----------------------------
INSERT INTO `file_type` VALUES ('1', '普通图片');
INSERT INTO `file_type` VALUES ('2', '常用文档');
INSERT INTO `file_type` VALUES ('3', '社团文件');
INSERT INTO `file_type` VALUES ('4', '首页轮播图');
INSERT INTO `file_type` VALUES ('5', '文章内部图片');
INSERT INTO `file_type` VALUES ('6', '活动内部图片');

-- ----------------------------
-- Table structure for one_column
-- ----------------------------
DROP TABLE IF EXISTS `one_column`;
CREATE TABLE `one_column` (
  `id` int(11) NOT NULL AUTO_INCREMENT,
  `club_name` varchar(80) NOT NULL DEFAULT '' COMMENT '社团名称',
  `club_summary` varchar(50) NOT NULL DEFAULT '' COMMENT '社团概况',
  `introduce` varchar(50) NOT NULL DEFAULT '' COMMENT '社团简介',
  `notice` varchar(50) NOT NULL DEFAULT '' COMMENT '社团快讯',
  `show` varchar(55) NOT NULL DEFAULT '' COMMENT '社团活动风采',
  PRIMARY KEY (`id`)
) ENGINE=InnoDB AUTO_INCREMENT=2 DEFAULT CHARSET=utf8;

-- ----------------------------
-- Records of one_column
-- ----------------------------
INSERT INTO `one_column` VALUES ('1', '社员名称', '社团摘要', '社团简介', '社团快讯', '活动风采');

-- ----------------------------
-- Table structure for passage
-- ----------------------------
DROP TABLE IF EXISTS `passage`;
CREATE TABLE `passage` (
  `id` int(11) NOT NULL AUTO_INCREMENT COMMENT '文章id',
  `title` varchar(50) NOT NULL DEFAULT '' COMMENT '文章标题',
  `content` text NOT NULL COMMENT '文章内容',
  `publisher` varchar(50) NOT NULL DEFAULT '' COMMENT '文章发布者',
  `source` varchar(255) DEFAULT '' COMMENT '文章来源',
  `passage_type_id` tinyint(2) NOT NULL DEFAULT '1' COMMENT '文章类型',
  `club_id` int(11) DEFAULT '0' COMMENT '发布文章的社团id',
  `publish_time` timestamp NOT NULL DEFAULT CURRENT_TIMESTAMP ON UPDATE CURRENT_TIMESTAMP,
  `click_num` int(11) NOT NULL DEFAULT '0' COMMENT '点击次数',
  PRIMARY KEY (`id`)
) ENGINE=InnoDB AUTO_INCREMENT=114 DEFAULT CHARSET=utf8;

-- ----------------------------
-- Records of passage
-- ----------------------------
INSERT INTO `passage` VALUES ('1', '社团联简介', '<p>这是一个社团系统，下面有许多社团，欢迎访问</p>', '社团联管理员', '社团联', '3', '0', '2019-05-03 14:35:20', '0');
INSERT INTO `passage` VALUES ('2', '社团简介', '<p>社团集合54543</p>', '社团管理员', '某某社团', '4', '0', '2019-05-03 14:35:37', '0');
INSERT INTO `passage` VALUES ('11', '社团招新通知', '<p>欢迎报名参加</p>', '社团管理员', '22', '1', '0', '2019-03-22 16:00:00', '0');
INSERT INTO `passage` VALUES ('13', '社团比赛', '欢迎报名参加', '社团管理员', '22', '2', '0', '2019-03-14 10:48:29', '0');
INSERT INTO `passage` VALUES ('14', '计算机协会比成绩公布赛', '，仔细观看各个学生成绩', '社团管理员', '', '1', '0', '2019-04-10 10:47:15', '0');
INSERT INTO `passage` VALUES ('15', '社团换届下周举行', '<p>各位社团尽快完成换届</p>', '社团管理员', '', '2', '0', '2019-04-02 16:00:00', '0');
INSERT INTO `passage` VALUES ('16', '极客俱乐部下周讲座', '欢迎各位参加', '', '', '1', '0', '2019-04-03 10:50:18', '0');
INSERT INTO `passage` VALUES ('17', '社团简介', '社团集合', '社团管理员', '某某社团', '6', '0', '2019-04-10 16:00:00', '0');
INSERT INTO `passage` VALUES ('92', '4252', '<p>52353</p>', '社团管理员', '社团管理员', '1', '0', '2019-05-09 14:20:26', '0');
INSERT INTO `passage` VALUES ('93', '53535', '<p>345345</p>', '社团管理员', '社团管理员', '2', '0', '2019-05-09 14:58:38', '0');
INSERT INTO `passage` VALUES ('94', '4747', '<p>766767</p>', '社团管理员', '社团管理员', '1', '0', '2019-05-09 15:00:21', '0');
INSERT INTO `passage` VALUES ('95', '45', '<p><img src=\"data:image/jpeg;base64,/9j/4AAQSkZJRgABAQAAAQABAAD/2wBDAAsJCQcJCQcJCQkJCwkJCQkJCQsJCwsMCwsLDA0QDBEODQ4MEhkSJRodJR0ZHxwpKRYlNzU2GioyPi0pMBk7IRP/2wBDAQcICAsJCxULCxUsHRkdLCwsLCwsLCwsLCwsLCwsLCwsLCwsLCwsLCwsLCwsLCwsLCwsLCwsLCwsLCwsLCwsLCz/wAARCADpAXcDASIAAhEBAxEB/8QAGwAAAgMBAQEAAAAAAAAAAAAAAwQAAgUGAQf/xABKEAACAgEDAgQDBAUJBgQFBQABAgMRBAASIRMxBSJBUTJhcQYUI4FCkaGxwTM0UnOys9Hh8BUWJGJydDVDgvEldZK0wjaDhZPD/8QAGgEAAgMBAQAAAAAAAAAAAAAAAgMAAQQFBv/EADIRAAICAQMDAwIEBQUBAAAAAAECAAMREiExBBNBFCJRBXEVMmGRI1KBocFCsdHh8fD/2gAMAwEAAhEDEQA/APrepqampJJqampqSSampqakkmpqampJJqampqSSampqakkmpqampJJqampqSSampqakkmvNRjtVmq6UmvetKCcZCxvEzqLJPHegeCdLewJzLAzHNTQoZo5Y1kR0dCSAyMCvBruPX30TRKwIyJU91VnVBuY8AgHg+v00OSeON4o27yEgeg4Hz1jy+JLHiQrulYNkvis0gVJS6uF2AEN6nv8AL56RbeqAw1QmboYMLH+f5691kYmdj46tDLOWdJGQkxdNO9Uteg+etUOpLKDZWr78X20dVosHMjKVMtqampp0CTU1NY3iXj2L4dlYmNLtBllCyl9w2RGqlFCivez6Vpdli1jLSwMzZ1NUjkWVA6g7W5UkVuX+kPkdX0ecyoOX4fzGhX89Fl+H89B1gv8Azx6cT3nXnPvrzcpLCxY7/v1QyxDbbDzVXtzrMWA5MZiXs++vL+ftr321KJ7Ak8dtXLnh9OfXXtnnQJ8rCxF3ZORBCAf/ADZFU/8A0nn9ml8fxbBy5khxFyZgyuTkDHkTGUKLrqOALPpQ1UkeF8869AY1Vnj01geMeI+P4Qc4WPgmP0eQyySD/wBJpf36zsePK8RxY8rxbxOWpGkVYBmfdUBU15Y4Yyx+WptzC0mO+JjCx5pimUgmnAIijdGeN1YOWZVN0e2vWzWfZJg4uTkZRuIS5JWPaAPijDHgd6JGss42PhxMIoBHC9ozS446r9j/ACrKrn9WrRSSwlnBIkCA7ZPKhJNLRPc/LXnLb606jAGx5+ZvWolN4ab/AH2jEgggSKOVi0jYLQz5FH03TGye/ppGRPAiwHjUvjgyWsg+IvKt0Odoj41pPP4iEQZmRkAyIZFWMdGLpkCjti8/69e4uYsZY7cGMkAXIj729Cxc+bXXr6mv8i8ftM7LpOTK4+d9mYPwsLImbyBmXHkCKAa+Jn2m/wBepq2R/sySQGVfB5ZALJixZJDZ/wCYEammG1B5g8ztNTU1NehnMk1NTU1JJNTU1NSSTU1NTUkk1NTU1JJNTU1NSSTU1NTUkk1NTU1JJNTU1V2VVZmKgAEksaAA5s6onAkg/vEN1uG7aGokA1zzXf051yuV4hIpysfcYS4ZgIw34VsHZwT3U8n870bMgEEuZlw5W95GaMlV3DqSx7gilWBJ9fYD051hmWKZVfJdpHDIPOx86IeVND4eK764PVXs5Cmb6a1G81cbOIkwxC6QQ9STpxsHJ6WziQll22SD6eutvw7OkMEP39hHJKJZIuqVVmiU8Ej3/LXHy78nIjx8cM5aUxwAhVcK/wCLcjdjVkDjivnWvcvOjlGLIkUkc2PvTbIFbaFG3hydx9qrUS16jqUymUNsZsZni0Ms8jrB+JESqShhuEZU2mwggjk3pF8iOeDZC84iZ1li6uwpu2hZAoTkjgd9ZOQepG7nawcbm2sAVvmr9hq65gyHiAKRANJMI15MszqA3noccAgazGx7VZs7xgCrgCaC5GQAwR0ZYmDybmDG343Dd3r9mtbF8aYPjK9ntHIwYEO7tW993ND151zygBc2Q5HTbYSF2hg7miQa5Fi6NV215w6sQbO3YUJ2glht3E16e16ypayOGWUQG5ndYeemRJOoKFlkpaNB47Kh1+tE6fvmue16wPAhCkELzSwvkT0wEQZumsabFFgAABfUgXfz1q4MzZMJySCqzySPCG4IhB2oT9QL/PXpemsZ0GrkzE4AO0NPL0UMlWqW0hseVACSedc5nHH8U8TxY2jEiYWbiEF40QBnXq7WaQ2Rx229zp3xHJSR8rw1mkf75jMYeiyKySIDaEk+tXz765Xw6PKz58A9d4xkWqWBJME5QyVLQ4Kkd+OCAb1k6u9i4RBkS0UYnY5viUEWLI8ci75J/ukDeajJe0kbAW8vrQ9NaMViOMFixCrbHuxrvrmPCcaObxWSNCHwPBEMeIV2kSZExPUkf/muz+r211OtnTu1g1H7ftAbbaUl+EfXQCwBUG7Y0PYn20eVWdCquFb9Fioaj9CdYeT4T45K8bnxtnijJY44xkiVx7XE1/S9D1CMcssZWw4MYzZo8WSCVmSzcbxl1EhRvUIeePXWTH4ki0NsknTChemOHIYsRZ4v00ov2fz4pHlihxWW3YtJI/3oLVkHepU124OvY8fOuNfu0vCs5EQV+SLobT3OvNdSSbQy50mdSkLpIzkxxvGPG5iejh4eIpHx5UjZEg/9EdLf56oyZU9nM8UzZVPeLHK4kNe1ReY//VpGTJ6APXhzIRX/AJ2LkLXyJCkft1VM/Ec7VyYbrs0iq3b2Y3rskt5iAqeIt4hFj4j4mRhYoE2PMHvly47U5ckn/PW14H4xk52SMY4pjiWORi7vbHbW1QBQ9fbSdJJXZgb5FEd/caa8OEEObuYqg6EykmwKIB9NUGxLcDEbz8jHkM0Bu1VWviqPHv78aTwIYI4iyr05g0pkyEymx22X5QbFcaW8Qx3fISWEIsT8+aQevIG0U3P00NV27W3jcF2/yZYK31av3a5d/Wmg+6WlZfaNZuRNJDNEsrZCWoDMUcg2DwyKAdIgzBVd1YbX8pqytk/C3z9iNFZ5JFqupIqneeQBXoNAkmeNt4TaqgAq9kFjxYH79eatvay0sJ1FrAXErLkGWY5DzEDhbYWaHv8APVJ3jcwyDpDYGMiu0jMWFsNwfQZROzOUxZSgVSCCG57UALNflq/3aRo/xnAD1wpY161trvrqUWqq/wARuZhtRmbAG0ZRJXbqx/d1Vo0NKZIyN3NGuL1NCmeKKOMKrCMUoeSgrsFAtRqa3KyMMiJK6Tgz6PuT+kP169se/wC3SrVubjU/Vr1+ucuNfr1P16WBr1P5HVgzblFmiQO/vqa5If8AXqampopUmprwlR341TqC+FP7tTMkJqap1F9jqb0+f5jUyJJfU/Xqu9Pca9BB7EH6amZJ6eNDMqB415PUvaQCQaF9xxq7EBWvtRv6awfEspsPIx1C9OONYgrdTzSIGBO5ewHxAep0m2ztjMJV1HE3d6bgt+Y2QL5IHfVr1grndWWExz986RYi3wzQP5SqGq8vA9f26MmZ1BkMuRGVV8mGXqDZTxiu4PCj149tJ9WsPtGaczlY5WU0yqTZ9KF83pfKdDCshG9RbKEcJfkPrdf67HXIzZ+TKZYpZo2dUVIypfaFFdiP4+/z0vNmziFMeVxLEjdXpjdR429xR1hs6/VkYjhRjfMLkyxOZo9zKHEkuOzGhHQsMQgr/lBr89ZZUOoCyB5QbUg71JPB2gc1or0fPkNIQAUAaRgrJ6fqHYVoUaq7RzTAGMI7BoBtHA4uhx/r31znsA3moDG0JiyHerTAoVclZVJWVCpo047HsR9O2hSxRPMI4lYjexaQ7iqpYqQgCzXrx+WjxxRwo8i2d+/yzJxslU0Rft799Vhk53OGUhdrUTuJBI5PzGkDqRqOOJRG8AkEgjkWU9MMn8m3JYkg+ajYsciwdBixdgkkYEpi27MrfErHYrUDff0r003A7zGWQsoiLi2YJx7qNWZdm+BjxIVCslgFVbeEv2Omd7Q5zxKK/EXjkMqM1bTtXzE1xyDa19P1aaczlYIppFqJnZVja02OA2yx+RPz1GAiREPlKL09ibdilgCxHJ57A6EpdnCwkl1K7AvJL3YBB1iezJOmQbR5smZIJ8WwsWTtR3A2uEWmYkgn0Pv61rfw/GsRd0UETLj40UEMCICxUAUbA5+nGuKld5ZNqsGs7hvFh9tMIq9WPt6jWnjR5UskUEPSM01PJtcRoGK0VTaOAPprbXa9CAg7mCUD8zdzo8aYYuXgzJLCuSk64pj3JPIgZiI2JFEWSQfn78zATwbHK5Wb0kz8KfIJkKyRgDYw2IHJG0A0B6enuSyw4+LiZM0O2HP2CN0wHLQyzjcFDRPYaq5JW9cgc6XJfKM0nUfLVHyVlpNk0TFRsVfWhV12Py1se7tENjJmYLnaaGB4lm+HYviWSAp/2juOGkTI5Sdn2WwU8VfAqz9NdT4JIywSpkdQ5kaxNnNK++QyMm+m22or0AOuEQyYuXiYsogd8Y9cJIY5ce2jDqQAPiF+/cD21snxePF8JAxZRjZU88jZMqx7ndzZDM/bcTwBX7BpfTdUK29x4ztCZM8Tai8Y8Pk8XyRLPDshjWLFMayMQGALtI/b5VWtj7zgzAGPKg3fokSLf6idcHiCSXrM/Sadm3SSBjvc97lZqN6e6VotNbgMCL3D9nbW9OrrrrBtP5jBFLMfZ4nSNOI5zHst3fcjKQVV6o3z2Ppq2FH0o2yHcs0z+Ra2qgLbQqj+N65RWKWnmDD04sH5Vq8WVlRxwrFNKIgQ8ahmKCiSNq2dc/vmrqClm/lT9zzNnZ11grz5nc/X/LQJcPBnFT4uPKPaWKNv7Q1keG+JZk2WcfIkDKsTubVOGFVyoGt7jXowyMNpzCCJlv4H4CfOuFFE3o2PuhI//rIH7NZ+V4PFjbsrHfIZkV9wllZigI4dbFmvbWzmGQJuTcCoJDDlRXPnHtpCTxONsGWT4Z1IUheafcO1+ntrj9Y9RJrbY42murXsRvOflyMsgyMqzyWzq29iysWHb0oj30t91n2tJ1a3OeSbCKeOzUOe3r+WozwSZW2BY2kIkaQq0irHRoggDbXbTMYWKWJnZWhbergLygZWBbzc2ew15N79ZCW7frOuteN1gUiYRbRIXsAnqgA3f9EaTlDtMYw0iBVYlrokngG+3HNaakdtsixM20AXK5ViR6ACu/z0CMgmWU2FL7KLA3tH6PrrnDKktNyrkZnkYeALI8peJFDLyRIo+EXsoEc+3poWX4nEIpYz1InbZsmjKsCSbAHsT76cYKxgfpq6PKquxcDb5SaBPGsvJj8IePLkT70mUZ5VihVqUx3uEgBW+K7Aet66vSdGLsWvxMPUXds6Uir5bc+bc5IszEmhXpf+GppMJPPKxUybdqlSyliVPw+nb21NdoVADaczcz7GR5mu+/8ADXnHoT21Vma345Jrvx20ORpE7nnni6I4vtr0LWAHEyKhIhvz/WNWW9ydviHbSBeVv/NYd+xF8aitkCiXY8ggqe3yrVCwS+2ZsEgd9DMyg0AT7+ms8yTWCWfhgtlu61Z0CTNAXIaJnZoZOkQaK7iOGsemrPUASCozTBs2f6Q7/XUscfQemkUndlDrKHBF8Lwa71q4yDfZTa7lqwaqxxoO6Jfbjfl9/TU+hGl0yEJAYMpPHPqfro1E9uf36LuSu3Lj17dtXUqvPA8o/foBZVIDECzQ3GufbnSWLmiVAkrBZN8yjeCm4xvtpd3fQG9Q4TyZfaOMx7LbK2oIYhMj7ldQ4Q0VPO48Vrl/FZDkGPHQyLJCzKsU3lc2R+HI18i72/Ua1czxTMw5CipEwVjtU2GKlbBb+Fa5zOyZJ8hJGKMywhXbYVPcsC63zV65vWdUDsh3mimkjciKsZoFhjAIbqkOFcHYH5ApT8hZ0dciQxyIwRHV5pGaPhWDsHoBOPmPpq+ZmYmTGgfHXrhkVWjLdR2C0Q7Vt2nv29e+kljymnhhcBRJIg6lAnandrBJr0OspcMdjG4xzByhC7qhdFVW3Skb1A4qyPcn8r0MysjVC7M1iBC3G9e/Jaj3PHGm/EcGXFmcS9AOFVgIGZo49wvbR549j7jWVIQNhVizE8K9FiOSO/8AhqAZ28yExr/iLPViZ0W0mEig0K9UBLfnX5+mmMeNWmPRnVYyjHp8bbAsbWv144I1TFzDkqwkWZXTaTJF5nbctEbwoofLtpwJHKrXEFZuHkG2w6jaN183/hrldR1BXKEYM0JXn3SSMQjWFUm6N+VrA4K+x0myxHdTWZVAXfZAbvRCkH5d9HnCxKqo5dNpDtat5gLB/wAdJREbyCDW1mBJ5AYVfvY1nrONxFvzieZGRLC8KJGoaYssashKmRhTAV5bF3p5SGgjO5S7cOqk9ZGXgEA+3IPGgY8hcxgHapFbwOxv19dXmSpNodTuLFJYyeXU/pjvzptt+oaMY/zIq43lpBjlFuGhv85VmKFQKDqL3f8AvzpUsUdUD+diqxkCmteT+z92vRK0e8sdoYsXBq9696I99FSaLZjghRJIN1hQbJNUwHbSlJAzKbEorSY7MxmDLuLQRcbE3CizWKs/s/PRIJZo0x3hBZZW3tIp29PYLHHez6e356EsUhyAQO2/d1OQRdUyt/hq5c2Y41C2wuqu6oge2ntaTzuZQUT3G8QnizvvUSgTQN1GhmB6exlI3Eqd1+t36+voCZlX73PkwjqM5KCN1BCTBm3Rl+ePpryVJJndFAMcSA5LhAzrF2333IB/fpLOkEjoQI5EdoIxTGxQF0DzR9To1LHYxTDEKpnbIWZxQBUCtgkYhQAB+y+NeiaQmDw8wucpMiRlNuZHUncLhUEFl5K8fs01h5M3h2NlSJj47vMCjpPC0uyGiqESAigedF8Hm8RxHuDCibOzJIlGZMkskccYG1YSUUhb7nn92noATueYM2jhZgTFRMeUKkKhg5VmB5J3mqs+uomDnqS7QMqiySSg4u+KOt9Ey1gj6kiPkqLkKLtjdvUAe3tpRctllaMozgk7o2rep9lvvro3dSqIKrBsdtxG11knUPEzNjyIzuPhYoXB4DC+GHftqmLHupUUEJca9MDkjjijpjqiLKkMUhMMimSJV7JJ8JDK3r76vBP0saPFgjqeR2WNlFqQWLMxPfi9ecDBiKXY+3O3z+g/xOppx7wvMJjCZJN0Q3SRhwymgiSVXf1rTS+I5iiZZRG8odGj2t+hxu9P1avFjpjRVxvK3I/IDP70SdZ+dGzgsrKoZSd6WTfttBHB9ddamuzp6/adz4mKzTYckT0+MZcbZRvcHJk2Huqt5QEJ9tZbzRykBZChlG8WrbW5vnvo/Ry4o1G9HRvMzXRBI5Cg86SmyoImRciNt7g2CGalUEkkIP16w9bVacFySY2nSvGwmeZY8Vy05cSqAqQpQF7j5mO6iPUf6o83ic0YdQok3cq2wsjEDd5W9vfRYZ4ciEuox/KwSqDrVigpW+13pWZs0ZbdEPJjoqkB2WMmQCiBu7/s1kGm2zTaMY+Y0Ka1JU5nuR4kPuzS/d9zNFE6gHaVO4A/x416kigQs5bzrZLKQQ5J3Dbz66pDioVy4fOCqI00hWwGYnhd3Hp7fv1n+KHLjbFljmdo3foqvB6czWV5Xij+ytHRSljdtdjnmNayxU1cxuWeJMjprMFaCPoxM9lUcKbZyBV+h8p0oJoVZIJpvwWkZ5JYRbGMimFMO/y0JYpfu6y7xI0iEsHsSSWTfPvoGNu2u8pCqs8MSiSjXcub/wAtehrr0qBOO+WYmdWi4suRIYx/w4gxxHK6yKj7VoCMgVtA7amsdMqdHjx8Zy8MMJJ4YlGdgVRf+Wufz1NIe+1WwAP3jlRMbmfQRk5eTJ+GqxR7mB2U7soXvvNAC/YaSklTC/DV2Z5Jl6zhi71sBDbmPfnWdFkT45LCXZ5WAUE35iByPfQVd/xXmjO0FOmLFsefT09Nbn6kkRC1gGbODmxuJopEKnqllZrrzWxtjouXkxwIpXYS5KmjyLXcDXfnWIJGZo4he6yWF1ZUWb+WvMnKbdJIG3FAh7cXVVyPTS++cacQtKjeFkzmIjiJ8qBNtXySGHJv56qmUEiyo1Yr15EbeOCQgo2PyGs2aUAArtDs1HddAAcD9p1eP8VZGBI2jaCvmALcDcO/yvVt7RkmVnfAm34VkhmETOFj8+2j8KqLvnRo541mLDcYw5iRqJBVmtSb+V/q1gxxSREFnRGRNqkvYFVyp7fW9NyZQjiTjzMQWVDvYMeDW3/XOstthDLp3xHIoIOZt5eUmPjmVxXluO7AJsUC3IGvJAviMAEOTMkTbWLR8b6HHDi6HcfTWL4plZciLAwUj8JaQWr7l7m/UeoJ9ONFfPeLp9N2ULHTTSVvlkoISo/KhrT6wgk+MRZq8QmRlZMfTxlYSfdAVQyeYygCrYdr9tV64aGPHmVmeKVnMjGuZABYbk2PX6aE2QylOtSMzUDwrMO/mVSdCyJ4onUM+41blVvYO5JI4OuVb1Ftz6lGDNi1Iq+4weTKY9xYNKN/4r/pqa9a47fLSjCSxNDIvTj2hQZCOWsdqsX9NXe57kx6Aq1cld/m4s81zoDcOC85RluEqtEkKC356CsktjO8plA3xPTkQY/WI6hZl2rGsxDSsoPkUbef1aNAAAZkVIZpFV9gchwOAA7EkWD+Xy0nvyHZTjQ9MtKG3ONtsQF3Wx49uPfTcayqo6ghjJBdkO7aHZuSxYnt8tXf7ViudoeWaJyWmVvhaWR6Jsj1+Z41g0He1iyzExVkcCpFQNRNEVz2762DsCPsC+U70bdSWPX6aXkEzSo4kkdmIICxSEEWCFIAqvy1OltxnMAruJWB5ogkGOidAyPtWNgss557t3H7T+vT/mKl2EcIEYZga6kh+ELdngc69K/dzBl5ECpOSV/BeM+U2em1jn50PTvxWqyzfeIn3lS5VQSQPTkcCj+3WLqLlsbIH3m1EKKcmJSNGxbdvVatw3lKADuB7aEBvkVozRVSrhOAeR5jejbY+ozFmMjLsjZytbb+AkjgaoHSLcmyJQFUIQPOh+E3J3r5/wCGrGBxMZ/WQbhKzrwGILBiB5645+ejvucBXIU/EKItT6A6FRkRWLDbG4pV4DOAQPMDWhQM+4iUIlqQDJ/KFh6Diq0vGreMG20HN1EBSgxcoCvfd5vT5++jdJSqMS1lgKXd9dx9gO2vJCskkQ3KWWSlA+YPb0/PQDkKAgJUkl3I5I23tH6/lpoBIEWSBtCSZsDxMkaHqBpFfc9dMp8Ns3cfPVsaaJoElLbXchRuBA3WVO2uefprOlQ7ml8qxTL+IC/DWTTAV6HRMVnpV2OwjikUhdqhQDuGxmHr31o0DTtEZIO82cTxCTCniSVgmPkARPMgDtsPLMjHix2P7vYPjOPgSfc48J5zH1HlbEqMCI7SSY5G9+Pl6+us6BzIiLMzmPrO0PYASKOzc8dxo+LFkxsz5bKWjlk6aPtJdSpJYlj2F99GHKDEnPM08bwjw7Jz/DInEYw4VjjkSSMrJlzBCCJWV+TfK1x8tdRieC4uBkPNhTZEUcjBpIC5kiYURXns/t9NcTithtl4CEuojnEjMoHTXzWQQCDXIH566/I8ahKXA4Q75UZp1IjDbbUB+B7fr1qqvQIWtHEsKWOBNrjtpPNx0kUTKwjljohyLBo2AdZuD4nkRmKPPIXq0I3Jve7Ek8jjjsNaeRm4eLjvlTs4gQgMyIWPJqwO9a1LZV1S6YzDVHMzMiSOaLqNCEy4ls9M/FY81Efs0Lw2aHfJIRtOMsgdt1k2bCqDzZ9dNzZGFkQxzqD0p40dbQq21uQWH+esRgcaR5VdpIWJEvAtQGIB8vtrzt7Gu/UTkidJF1V7DabzzT5IRkCRQgqxkkO5iwbjaNGhCN1TVnftLMOWI+us6bPVoVxYo5AwUIzeWioIIMdHsffUObPAE3r00JCpGBuPJAt/162jqkSzUx1fP3+PsIjtMwwNo/JGaO1htvlWAII+Wk0ghE4kZduxZfMikOo22aPf688jj10ZsiURGRtjAUSVu6JrtrxpI9y9ZA0Z3blDXwVrke2umvVVON9tolqnUTDEsBDNHEqHzFVig2byOPgAB3H9taUiikaZncHar7kEgKkSGqtW51sZ2PArIIAhLEPyzkrS0QzHivlpUz44dRPHbMRRUWlD9IbjfGvJ9QSljBd8zo0jUoGIm0sjTHGxyUZ6DSzb9lbhuoJyT7DQ8nAcxyrgBQZZVE6EbXXzDdJHutRxZ/b9XU+4yTuYkO5WOxzv2mwVv20OahKFD0JSAaBIRhRtgvvz66Gq41sNIx9496y4xMVvDJA8oSdFijMaqRuPJ5GwjmwO+gLgZrzLjGML12kHWJ3Rv5SwYMeD2uu/566YxQMoAaoxxZ+ME1xxzqjsMfbEkQYpHvi6h2pu55QDgd+e2ukfqbEbbn/aYD0a5gHTMTaI0j4VUO9lC7lFGrF+2prMzMjIGQ6TT9NaVouka6i0BuZh697Hy1NFX0lrqGJG8prUU4xNrJdFmiKkMA453juaF0NSXIId7cFzSqCCOxFGx66zGlJlZmaumw8rkUd3tt142TLb7R5VZbvtbUQbHpro6TxOWW8zQfJXcjP32OoItWX3IIHpQvQFPUidiopnaybB5ogKOASdLswngLB6k22/nIUg3yK99ELxRpj9I3Iv4akm+RRvk+nPvo1OPvJCSMkKxQty9AvYDbVP+jeh47TRLKUV+tuToOt0PMS/B8pv20VI4+tukLkOp2Eg2K4J83FH00xHBC8ckcbRvGCSY5U4Dd+CWq/npzdSlYw2+YSozHIhYxHPEpDbVnQhuBYZwCQtWLNarMkqrvhVwcbaCTtO9DwDQAW9FiUBABEI9jkFekIwGHFoBx+YPOqPudYl3ASFm3PEXpQBVc9ifXvrjhzqKjYTpaRpyYMl2KBqtyrqqNarVWK78a8Jny5AVQtGvDHsthv6RNA+2gNUCsyxzeZumRKv6a8kq1VXz17jdKRYUUPvu9qFVRxZYgk/t50wOE3glNe0bjiYddw0eQJV2tHGhenjB4EpO2hfOgHoxTs+2RqBUq7WsDKm0WOLs8c+2n2KhRBGyrKkW4KNzoinsHI9fXSWOs8c5YyLIjIVcE+cNfDkEdvfn1+WpTfqDM3/ALCevGAJZlyJomZpFKb1aDYqJwQKXZ2/PVGjczbQFkZaCuAT8QPJX5dtWaVt43LKD5gQ1BFT1ojgavK0kMUcu91AEoaQrTHf2VL5s+uqTA5kbjEpSoYo4wm8qxraUAYUDTH1Pp7a86ZvlUZ7UN1CzCh6At6ew0NuuqRkSMWa2K7S4uqFmqsaJECOq0ZdZQAHjBPAIsHtxrI7EQS2TiUdpXeaItCvlr8RSEo9ido7D+GvIgY5l2GeTqKACrKiAiyQxbjmr/8AfTEZJeProWZU+GeMO1j4SGPFaq0cWWzpJDCRCaKg2vA77SK+lEaBbcZUywnkRiUwgx9VYvXoglbHHPPP7NCeCIAlgUVWPYEKSwI5Y/s/y1mZKZbyhmhVEtIgGKqwVgFRtqHsOP8APR2fI6aJR2iQrNJyU2qCezeh4Gk9vGADNIJOdQlMqJUlIiranxpK36R9r7D66RaZSx3IyspJ5HkC3ypo9j6HTLBnAkWMBStiNQdwXg0A3b5c6UuCVxyw3ClUgbt99qcnj31qrzwZz7FGdoTf522Kemdp4PKsBRoD2GimQBCGK7UBVepW5SfKdoNnnWfMZAQFQKA6AKXDMxJIs/LVWimWt9tbAWKbbXsQSdO7YO+YvJGZZmkVFYMWjcyuWIpWCmgCwN3fz1WF445UHJlVVdroqH5IBBHYemomVMYWxUj3KBuKgbiVJppAP4/L56cij8PZZZuv5P0y8iqQR+HQBs17aaQQOICsM7wqsZRkyskNDbGrOCdzsb5A5r04X10LbFCJ1WR2YqgcLGbR1PbkA0O2pLJiIrx9cP0kSRLk2s1U1owHB9KPtpCNlkMs2QZOCGTcdtAneCADZ7++hRTjJgORnaFGQIZGdt4eQ3fTARj2I7+uocmSVliyYIiDfSK+ageSAeTXyutZ+TO7S0QwWM2BIKIHxc7b0zBLGy7nx1ra7xvCSsiMPhVz2r308pgZMAb7S8uSZZY98O5YUcCNNpbaaUWeCfn/AJa2vDsbx14YyJYY8SWpMeDLdZVRR26oHmF9x6++sNvwvxA2ySVNrcEDbVnuCKOtfwk5cMytjJHLk0qRRGQSRESLuqQFggv0+f10pxqGFj68KcmdLLFuEZaVHfYzSFUqPe3FKCeBqwldoBHKwanprphweAb4/ZpbCw53x1lnkmORbSZBfZDFCzH4Ngv4e3c6os8xeQNGpjDbFPIO8E+bj0+muVcr1HI2+2Z2K9LjHMdEkO0rK5JolbO0A+nB9tLY0EU/3iLGaNUUs8skjEgljzdfu17FA05hZ2VEHxSGmuO/0FX19OTrO8Zim8NwfFHxM2a94mjakWSN5ZI1KE1RHeuPX5aqqlrMdzjP+8t2CghTvCYkWSuRlx7lJwyas0Nm4qrLfe/rpx5CWG9rarU2D8uNGSLESBHEgE7LGJPUDsQHPxEepPz0vLFKsnlmRkAssqgCyPQE3xxobkJXK7D7/wCJa2fMJI/4ZAITZsVvZxYNge+kzlyCQxpTyszFkJsKB6bgOD66I88UarDJIadh2/Robh3HF99M4+0bDGsKwxUVZwA7DbTElW7+/wDnoqK1uOGODKawY4gCdzyhT+Iu0FL81eoN+/ppUY8zNCei9RykMT7Hm7PFc6byxGeo4eTcSG3SbS3I5IIA4/LWYEeLaRMxJO5o9x2kXxuHv66SUVWIU5EOsn83mXXE8SWaZdrrDJJ1wVkSNVcEVV3x+Wm2xpenaBXbbboxBFgE0rH3450u+ckEKO0bqZCSUYg76O21s6WTxuZnljEYCg2N6HaxWrph7/67ami2zcDiNLFd4665CRqoRVcxq0hjCjb5e6Vz9NZi5uyWdeqCIhGjl7O0N6EaciyGlkjyGCxq8YZra0XZe4WaHHJvWQHZsOPLOMjHLklkRNw4ieRipIbk0K7n110ek6TUCXEy326eJXxBsKSVepG52iiGNbWPNLR7Vzqaaghwsh5NsaOU2l2kXdRYDyk3XHYDU11VvSpQnxOcyFzqzAyMrNKixsA1ndu3NYA4BOhHf5w7BGjRWJU0WJG5ST79tNnbEydVQpALsFpjJXbYTwPnoUkWP1BsmUF0O8MpjWxZFsx0Sv8AEToA2M8jmkUBpCvUalIoDgDi/T20ZZAPxCzAKKCNzua7CgLY79udJ9RxLDuKAkBt6gO3A45PB/VrThjj6h86E0hFigCfNak8c6ljADPzFAeJYG5GlEhB8q1uFDigCD7amNay5DueKoG9g3p/zE7fzr0+ehTFiCBtAJG8BSXYAcG1BOlnkEilElBVzGoSS62jk3XqfX6azEF1xLVtLZE1jOzFGDsdtgoT5JSeQeew50CV3hO47qZ0Mi2SRs7U9dh/rtoUK+ISGmjRUEiILbl1bklGFrx3/wDbTMy7t8chAjPTVRXNE0Avr9dZWCqcfE3oxYZi7SiYjcWQGgXQsxHNFiLuu2tCF0SAqHaQoFUBVRFFcksRzZ0omCEJSd4giFb/AOIMbKGIsWRf007ULKEhUyRKhjL2TtvudzVZ+ek3MMYE0VqeYOKLcGIWR5AxfYJNsZdvhLA1dA+vbV3NCBVCg7gWdKZ3F9htHAPufb89QpAkiglKUbGLuLNLwzFeCb/fpfL8mLI6lFkIOyWGS3Km1DKEJNfLVVPxDu9q5EdMhjjYswPmWgzpv3MfQP3r6eul1nWenkhpleQIJma9wvng/wANZ3h2VkPIMbMmWN2sxzZsZBIUVSgDk+/P56vPnY6SrE7bWQ9QGJlPCkjcVB7c8c6Y1TKSBMRtLAeIw0ilmAC7iSGZdxUHg+h/gNAgl2TSCRvKbZT5ipIFEVXr350M75mURJId6sVqlABHBezfOrSjHiBQ9OQxKjOEdr3cGgUokj1rSiPBjK1zuY3A4kcysNkW7ZIo7SSEeVdp9fy0wGx2czR8hhsHJ2M99twHdfX21krOF+8yMAEiRVj2yWAJCeVW/X1Jb5aaxmeIuZZGeRvw4mdx0+mnJMcV8V+kdulvSRuZsUgCMSsrfhSCPeeVMZvaykecE88aQZpNwx7YOVYiUBhGAT8deo9xo7MdjhA9MdyB2JU7qYEeo+XP5aRyMjbsLwwCVZYwhdiCAx2WlUCL0VKZOIFhyNpZ+rEPJkODY3bOx4/QHYfTSj5SfjuFMjynaoKKpbnkswN3ptenMLkZy+5aFUCxPAoc/TS82MxXqRyMy3zuVVCOp2EKfe/TWqsqNmmCxHPAgQ8G1pBGpMZBqVHK7ivayf8AVaqjCQbijhgCHriMEcE9+NFSEsCxLxyRN5g6BlNEEWvfn1OhxY+E7SpkO0BCAhS9qwFf0uST/HThp3i9xK4ssQ3xyhTFM42AbQ6MRyquAG59vlpmfF8OHTiR9hRg7WGaJ2rdTcVV8EaWOGk0kDwsExoOq+RIXHWaXv0lQnuf0fprxdxRHhkljAco4kfdbE2GFAUew7aJl31K0sDIwYtOmR1y7REJNJFYVeCBYIXsQKsjjVoWljlaKNDIjOxjVz8G4kDk+laZmfpkPYdkVkZa7sRXLd/n20GSbGaVWVvwnVFO5fxABfIF3poYsMYmRl0nEHvhlnl6rGMrtEWwfhKVJJ3iiSD6fP5apEyRDMhctTRFovIT8Z28+3y14ygQPISQqUCe/wAgSdLGOfqK7XsZU2bbIJs1Q9dPUAiUJowRCYRrJKUj86xPNuFhRQRmWwLPY0aPcVru2h8D/wBkxYkXSxZ9nUxy0ZRhlIoO+QxAjk8Xz8vly0EuPIsWImDK+QsqG3kKnyqQ4CcqA3G76a2V6TOI1AMkabpRGSY4yBwL3enp+7WPqOq7GwGczXTVr8ysXiPiQyUxpQ26aJo7maPdIUUkrHxez3Jo86cGO0yPGp2CBJGafeGVq5DJQ9ea1n5EiK/lEbyqx3L0wXUbebdeRensbMhkSOIIiUNjksVaQKPKGTmq+nrrmErZ7n2E31ak2EJidIylZQojmVSvXQ9DIUnayn+FfXnXCZeD4zj+DePLJkynE8PyIC0G5JIWE7npdNz+JVckcemu+cPlsyiJkSNkx4QrP5RQNrVdu9/P5a5P7RQvj4f2kBZk2thBgskmyUheWPO03dDv2Na6/Q2hWFeMrnn9Yq9NYL8H4jMvhuVB4p4LkyZr5OPDhOJGliEUkBkiLIrRQBQ1HsDf6u+s0UDSq5jlWPcioGkPmLD/AMxhZs/676XRZd2I08UwPRV2ku3c7AO5447D11neKTyY6srwzqrbXhd7RWZyeCR37H9Wsb2P1VujGAP/AIR5CU165uCI46yDGQPLPvihWSVS0rVbr5uBQuzxpVs2OKVR0tiIqR7eLvsdgHc657w3MnmzcZNgZUMivT0QSjEv5vYVdH010ISIysqPvjVEkkdP6TMBtG6zz76V1XTpUQu5/rF9NabBlpaYzgvI27ZtJ5XzBR8r/Xpdt+6IUTvYMWokKpBNHt6fPRcwSAxIh/EJaNtwDKEetxN/u0hlSGJqgJljjKjpilIBBH4Z7V24N/XWamkHmbdeNhFfGJY5YJJDKynFlUgIKZ42pTR/121YQhVimkchSdxJ2kKuwtdgn6D56V8QLS4fijIF/Cx9sqlSrhiQCtPzY76Ln5c2L4VBC8IZzjwIJIrG3rxBgWIFfIf5a7FVDGpVHzMz3BSTHo0ZsRLLhZUKhgB8TqaZd3Gi5y4WNj4qTKXjjjAjRW2BliQcEgjjtek08QeU/Z3FCOxfF++OULUydPYGlsdrs/Uj31sTdEKizJFJe1acIwtzW1Q3v20Fr+hY1nfVKAPUjUNsTMwGMcYmfFxoYJR+EmNGUc0bt2bkn6j2/OaNm5cUUm0L5Yj0QFWlUqBYq/8AVamucwe06wOY8LWowzbxAt1DDasCoUsCy0fNe1ee2vdsLSK4KoXU7RK5kSwb4BFj5aWUorqSdigMzVdmhXkr11RjtIKlKclgKvmq59dd/R4WcEtt7oy971kf4txO3nZ5TyKBsaMZITGZykjShwibr4Ze3lb9+ssKLJDEhlKqDusi/Qg60izTxiTgbemAlndtT1Y9x21Vw08ysg7CFZkMWRkytAFjCIsQyFGQ2+iNq1yBfm59RpKNmmeRRLFGpUgtIpplbn19fYjTOR4v471AgbDY5CSSOFxYGYgle5r04H5a8RUyZhJksepO0RMcKKjTvIbZUA+GqBJrQMBWuqGq6iAJoQZGHjY8kcckkwjRmM+zyqzcbWqj9DqkcxVyyFuqQQAyhQCxoWaPNWdPZIxoY5FjiREbarNtCrQADGxyT6D56z0lwuqDYRE7RgNsYgcOUHP051yUYMCwE6RBXCz0R+JTQOyhTGDsRZdqCQk2xthRX21ozb1iUOS7EoEG3aQQKJUMfX0GlMmXKy1ToZ2FE8aWBtdNnpaLRbj1516+RCOpBE++SJoopS+5rlcXxvF2e+gcMwH+P8w0IXiWcxJxOzAtJuRwSvxCiG9L9vrocrTyIkJPSTYpLMAXks0q+Xn53Y0OV1nXpF9ztYdmJBUA35Q19jxehB5rMLiRgqm5kVRGWLVVgkEga0VV5X9ZVrbyniPiviK4/SkwsR4sXoRwuyqXKRFW6rR0eCeDRF6PN4ik6B+im53WX8KNVthwd9C+K4FnWdmtImPnZAcPLA6rFIAwrzL5ADx6n9ejEM/BmV22GRgSQY+/rettwHbG055PuMbMpJUwrbyAlm3C/chePT/XzX2gzPKp7Ab7UU5+Z9x27ao5j6LbS3CoS3ZuxBUDnvr0O8cPUpQI49xIB9PhBDXz7/XWED+XkzWh334gUaRfEIGsAvFMjbmIQbiAW28AnsR9NeJPtXDyJItqLO6IwFvuZ7FsTYVqN6pO2X1MUvGQYYnkkPlZYtxD7TXvxX10tNn4rrPAYXAdHRUjZdm9z1Q49RR5763LUbMADxvj+so2BRkmPw5kvXfBRW6sYd42aygUgMvHLVybOizYojx7laWwA7owVichnVgyN3Fc8Vq3g8cqQxPJls332NmgxwoWXoxmi5lPoPXmq03lz/dAELLGtPK67i7HiySzDu1itYbW0W6axv8A7xyg6NTGLvgxo0QRnDglhMpLPb81Z7AfTS3iLtFDGZBHLsmpAwVm3oQNoYmw18nj92rz+IyxvJuKmMA0U+EUAbrua7HnWdJ4zG8EyiCAsskMkJnDFNxNONgPJXuOex+en0V2uwYjIEzM6gEA4lj4o8ojSXHkSUNIA6EheAG4J7j5DnXsebBOobIHWUE9PcBvDoaosvt89WizS0ULfgurb3ToqYw25rJEbnd3+es3KydhcbgWYndtUWD25PvrWKdbaVXBmNmx5ml98wWMUJhjamLMwslT2t1NKTVc6PJEsklKYlEKEFYqDF2IALLYFD1r3+esXElxHTdK3RbY3SkCkgrfKkDi/wCF6OzuMSGIM0bykSB2XzEFvKORdDv351G6fQcCUznAjmQIMZbMkgJ8pWRb3tZ87AkMNLRlH3tLFGlxjpSl0KlgOSbFi/roWXGwMrq9ogQDeH3FgLLHfzz3/PQTLawKKJC72KfAtjgAVolr9sUXOd4xDG0kMoEjom9eooBaOQd/N7askgRhCI9yIgiTqSWH8vlBCn0+ugrJCIel01E8rbrLMRVcsRdWfTjVArtIQIr6ab22ByFA5DOe3y0WknIMg5j2RIysyx9PqbACJAWADCiRZB9+dafheR40sYgx0XIjSFmzJI1jdIDIzKjFzRNVx9TrHolcZnjYSSq5Bq9wAoba512/gcKQfZ87owkrpOZCFAd16p2gnv68acnTIyAHc/8AUYpbVtMfw7N8blcZP+0MQJvYoVggkkEliNgjOtrYHPf2rTEsGZlyh3yo3lFl5mWGEuVBNjoKP3aBh+Hti4EJKSHKkeaUxup3RM7nb5VPp/HV18P8Q2iSRpE6KnYEVSz81tsNf1+uuXYtljlKvyr4xibUKqAW5MYhyZsbIx4sfIDNHJGJmmZ2aQWWKQkCv11/jjfazLTIXxdOntkjxMaV7Y+UyuDsC1Xz/PWo2Nm480U/R87sceKnQAO9lbIN2a/brF+0S7ofGaiiTpYmMJmBIkLK5+MEk36DjRdIjLaqlduf6zRYwKFvM32ysrbDFDlqJEgx5CKMqRvIi0zKwIPYjWN4p96EcQzMp5+nk4819PyCMScoRtDUOe+tiHBypIoXjhnVJo4WNkLYEakEgm9eSYkiwZmPLA27oMJNzgCIS3Grv8u5B0VFdiAuBsMZzz/5AtdCwU/9TC8NjhHimRDCLCPmykxqX2KUjjFM4BFebuBzxzrUWUy50UaF0eVQyBaBOwGyrVZYAEg1rH+zwLL4iZG3NPMMVrXyiONS5YiwbJPH01sRyQwTwxmaUPMbbaVL1VUpIuvlWq6gA3Y+JKzivP3j7gywpM0nUnOQIYkMisSnRDCRgPKDd3WsWYSCQiyjOKdJAFs32I+WmZGRS4KyMIdhkMjMoNgV7NyfTjVciAODOz0ysfw4yCp9aO43x6/v0hwhOs7GMrZiMDeASFcmDPnncljE3UbnzDeLBqqUVzqswyMjHhgimK4WRjwLIGAK8EUAOWscevH76dULHJGXO3oyPsYExmrYWBXF6piTRODK4leSSGOGiWLlUbzlF7cGr/z06ux61LrBAVzpaWmjaDbHCdoXGixnc8SSY8AAVBJdAe/GnfEnDYQmLcoiyq5/pkAUp1nFxk5HiTyqyJGMaGLa3maIpvD8iub5Oqvmxrhz4yIWUGMROx30ykWT73XtoGpscoW3Ix+xhm+tdSj4mtiRyTYeLJKVWRo42beu0UwsE7r5rnU1iReJZ7Rgg7fM12qlQL4VQRwB6DU0p/p95YlSMS062sKAw3hpCDtbcjWAE2jahX149BoatE5JZTudNsQirgXwa78aNDC0i+Ix7lH3VIpEVgH39bd8NH5ft0DxPEjxXhWCdJkmVRuAoo5G5lUjggdtd9Ombgzi5lGKoKpowQARIKYbj6rp6PKgiMCrGWZQOqFW5OOFLDsTXz1jsOhjiZTuYzBQW5FbeVNapvlWWlYDqdMtx5Tfe65rTX6LWMGUHxxNHJnnGWslhjsmUblsKpKggA/kNEjyZoJXk6pjP3cqG2EMgLUwQH/XOs7JyJ45mV4FjdCwbdut0bawNHsK7fXQlZ3aNtxJKvxyQQSTVH240B6NioBkWzedZ5SmM0jANO0ZU0CzKV3mlHls8k+168yo4l6rRCOzTkMRQZjsB+nFf++uck8UzZDGS+3pwLj7uCxAKm74F8Adu310wreKS9eZdzIiSGRw0YdkBWaUqh8xVSQWIHFj8sVf0uwEFjibT1S44l2nTIyIogqCk6ksjMBGALO1iOfYVXrp+KXBMsrwvDkzs25pTuUbnO0CMVSp3F/LXOywSxZJaZSjl+rtZSLDHuPl/hqAHrInUpepHac8kGheuhb9PRxhTiZU6gryJsZGdHACRtkkWt7Jv6aFjwgvmvfQMrxIf8PGhtAivKiBVuUeYo1UaHf89Y8it1JUAshnAIFn4q0WWGZ5pSkbHaiO1DtwF5/bo06ClNJlN1DsCI7m5qSrLAg/D+7xn8O9pk3K7cnnjt9dOrkTlMYN0x18mWHYCFZEEfUUk2e/OudsbXo2ADu2mxXHfWrjwOVeZYpCyZsUZ6almCiG7rt7/q+Wiu6VAmBArtJ3M1gtxwox/CLFwo5o9rsaks46YhTaIiBESeHIDB+Oa9NDyVysSdocmOWKRANu74ZBQIZWFqQbFc6Cpgllxvg3yF3ok7CyoasDgHnvrk+kUDJmsXnO0tNkyf8ADQoYamkeTqHd1I2UbSPbzdtBjTw2T7zIIoFmCPGY9zAqSpUO8d8izY1M3ptJjqKpQ8YKFTTHnkjWOMgLlSzbi20DcwBql8x8xHB49fb5adX02R7doDXYO+80MLMET+HyyQxLFjnMhjDF3BZ0rc/c9+wFambkNm9SWZ7lAvapIQcFQiobPPpz6aREee2LLmRRh8aElpnaRAU3GwaLbzf00pjyyPl4DSA7eq1EggMtEHn1A/ZrWOlRnLjmAbmACniaeXmyBIzDEFKPG0pfa2/cpQBQPb10rMgSBFQIyCiJK8+5uSPppINKktyb6VrTeDtpW9L4+mn4op8syrChdY4+tJQoJTLHx6d2GmigV4C8QNeo7xnEKHExkIBZo9m5xe0bixpu4GkchVYS135IP0OhiaWL8ApKWhtWCcgUT3rQevbuu1x1PMm6wSKoGj6Hvo66iGLQHcEYjiKvRxSAKIcfn21cEKVLNbWBzyR7d/bVXLDCxKBLBpbrkgbjXbVMVMrJysXDhjJyMqdMaESEoOrJ8IYkcaILqhMcGMGWRtysTRY7/wDmNVZPf39dVD8mOua2gKRdfOtaHifgfj3hWKM3OixDEMgY5bHyDIxldSQCmwceU6yYpJppRirBGZ5msLJJHB8KGTl3Irgcc/v0PZ/SASI6qIkLO0tyiQBVCkeQg8lu3HbR8f7zLDkqJSFiKDaCEUoVJAbaAD+Z1mtlvPBUeCKaWt0YlPnWjscC/Qi+L0+Js/EhypcdVZJJIceRa3KrutBlsd/QX+r2o14PG8YpGCZ0Hh/h6wtDNkzJIqEtAYgQg3Dk82L9ONdOkinCcgjbZoj5ONfLh41nQGEKjMRC4WCNn6JLEXJJGoJLe3Ir251sQfaLxyOBMb/ZyFZU6qL0sjqlGqSwAbr51qdkpuJYtUbTvIpEfitxrnjv+ffRHRWULGOVJ3fLXAL9qfEYenKMWEBrpi0gQ2SKsNV8HjRMX7VeLrkvJIqGLKbqIJI5GjgiQ9NmjWOmKg/FyedK0GMFyztymNkQtiOSOqAu9R50e7V1+YIBH01xH2gEjH7eS5SKuVHi+FxsU+BmRxEXSuaYANXz+Wm8P7RZk5yJsfBhl+5ImROFlcFV6gjXlueSQNI+NZT5mN9ssieA408mLhdTHLhwjpMFNMP2fXRopBBkLhsid7BLMvh8DwRtLMuHAYo0KqXforQDOa1h+FeGDNxjnx48+G+bkR0smQ88T4XW6qsUsgMxs1760klnj8NxXjlgiaTGxljkn/kQ5hUqXo9hR9fT8jw3jU3isfhH2Y8PkzAMgvlZaR4pKDoR7ehJKyn5kqwFc+taHt6wVMIsBgzzw+WLGeR1SKaRvEc1o4K2FdshFtJ7Edq9vnpwSSvIJfKlMWnCkEtIbJAIF127k6xcLJjMc8ZjjgyIZ5FnkdpGLrMSwO7n24r+PDkr5WKsJVZWGR1WSRFR0coBu8gs8A8k+/y1z+orYuVg9wkTRmkSZseSdA0sENIkjSEhVcuAymron3uvpqoknnZpJsgHcNj7UCr8W5kQED5c65+TKy1CyRKdmO4aVgGYAPwpb0Hy+ejt4pujH4RdgAjdQ8JuBNcH15I4/dRU3S2HBO8tbNJxmXkkeQyKzMAPgVWBT5/LnRsfISFZ43LAgs0IRRxxZ8x/LWOcvIJfbANqNbAIxCWdtlu49hzp+bHy5sqRcXHmmYBaWAFmHlslgPT37a3JSUGDB7hIJHM98Kl3RZok3uS8RoML2hK8u729NOZa48eOHhjk3JIvEhU0DxZr17+msWFcnGfLjkXY8EiRzAtGSkhHCna37jptHlnWUoGkaL41RXkYAdiAnporVIbIi9bZ3MuchY40VVvktbpff23amhRwh1V5QbkBdBbcpdWKH1B1NLLkHGJWsx4Y2d1mkgx8hI2aMfiNKjiiLv1I+uif/EpjGZ8V2VXmkMrKwlZuQNyj29ONdMXFnn19/wB+vN3c/wAdYj9VYj8sRq3zORSKdZZkXBZY1idd7xzUwYiyvBG7RonZnSUYcZbHRlMc2M/SpwQCAApsdxzxrqd3sf2jU3Hjn/Xy1B9UP8srURORxt+QA+SJppAmSHd1YsyK4RBvP9EChq0aQxPjVA5E0Mqosit5bAtmqju9j6a6yxXp8xxqeXn9tkas/VGJziWGx4nIytizvNkpEMf8bprGkZ6SEkL5VYk168k/XRNsPXOOFJcqXLNHGRtarHftrqqQ+in60dV2xA8ogv6fXQ/iWTkgy9c5Pq9c5WTmFpjj5cmOgZQ1RowCoKIFC/XVxFhjIhLiUzSPMylQFjG0bvhu+PT/AC10wgw1vZFCN5Z22hVBY8liAO+p08U9lj499Nb6mc7DaDrmLlZHhWU/h2HHG8Bx5mn8VeGGMT5iSMpAjkB4oWBd99WXKxsjPycpzJ/s9Opi42JGnngjQBI1Mm8Mdovu3retj7rhkhujCW4G4gXQ+daqMHAUMEhhG4knaALJ7kiq1PxPbGJesTA8UzYM/HSckxoI0x4tkESMYVbyrJ0yLIruToEviPTgyJsFpozJkdMsx3KvUVlpQxJ4HY/XXSfcPD9oToRBeaXau319K0GXwbwyWPpbBGvUWU9EhLZbq6GmJ9UUtlsytQiT+L51QtHKiiCCDFijWR3hEUe4tJKsytbmyflQGs9DDkuuwQpHEZF3wSPGx3W+51dOTz7j6a308K8PjUoqAKSTXeye514vhPhqBwkYUNRbbYuhXppf4ku+0Z3RjGJgcsHgikhVBKsjj7wGdeNopinH5Dn8tO+GpjYfh32jkfIxGy8iPFxcOBZkkdmDEzTNC34fYjk96Pp3cXwXAR2ePqgtt3Hcx3AXQ816ovgGEsrTLJNuN8MV2i+Pa/26aPqKDzIHXxJ4gfB8nHfMfKiTPXDSDFxsfppuaMbU66gBPcfE2slWlh8N+7qjnNlcQySRNAII8EMJmVmD7yWNAgAAADv31p5H2ehmeNxkOu39HYpU839frq03ghcShJQu9aBK9v1Hto1+pVgYB/tLLq3JnO9OcptdL3OrttyMbZwOD8RIPt5dXhycjBPiDwmIMIFXskqlTJG9WoAvyqTrQH2XlsFs1BVjywE/tL6O/wBnymHmRQTdTInEaq00axKihg7AFCx9PbT06+knBaVlcTHxcfJyJky5IaM7dRpoZoY3ogtQViAATV36aB0cn7w0r4OXlIyMqrK0QA2il37CW49gQOBrZPgOYcaCIyRdVECuwJKmvQeuiReBzxRKpkViBfA4uyfXQfiKLnBErKmeY0PhsGPhPlYUk0igXAXjMboFIJkBNbjdgH+j6btJ5Uk03iEmTixtBDE8f3KFG3MgQbVBYNvBvzEhjXpfbRpfAc9/KDj7WkDyHncVUeVeR9dEbwbL8wHT5Bo2e/PfjVfiCjgiXqU8wObnfaHMwYsXNm+9xwTRyhLj6jShdgJNhiK+fr89UGV4p1Jh0sXaId0aqkIUlkCgEs97gPY2O31HF4D4oku5ki2hWFh7s/qvRZfBc8qwWJDwdo3Cr9O4031yg41CQMPEpjrNjyYkiGRJQEkbYYHfqqrESEKR5gaodxY9uW8GFszIyUmnzo1yZZMhDKpk3yoA1zUV8ps9vUfkUsTwTxGOSZ5IUpo9ihXW9xIN2BokvheeY5QsRYkMAAwsDmgAT+rQt1ik4DCEGHJi0WFLPnxpLi+I9R5gsbREY2PSkBi7gKQCO1OO+nUibLJglhWMxzNmxB4tv3rp/Ess9clgNq2aPY1djOi8P8TVwZYpFUbwbJJNj0CkjWgcXPUJRyfKvwhnPb1FHVt1YDA5ENLF0FSOY+PubTojNhRxoEgy4nhkGEsJIj3omPQdwOWqjx3Otbw3wzwvxqZ4McGLw7G3yXj1C03DBU2DlN3LEbySALrdriXj8bWXtm7S/G7ftIu/XjWlDP41jSCfFmyoWW6MQKkenO0fXRepA5Ighlmz446+AzZGJiiCWF/CI4WQDnFEOR1VXelFrKgktZ5POuZzc1M+HKy5Xi+8ZaO8+MkbKIrPkOOzEiuPNbcXo2R94mg8UecFmXEeVWdNrFtygm1HJN86z8Is8LQyIjxgBY1KkEBibIZa4/PWjuDQHxBU77R7F8QnWCfDE87JMVkV6LwdZAh2vE9+UH2XmteZ0UqOjKuL1cdMpmYKys6bV2RqIkKg8MQu/jdXlqtewlIhtjx4FHmZgOpZPa/ivtpWTNVTXQhBDGqacWAOQbk0odSxOANpZGOYzFDmnBjeR2hm8VyFmVevAyR4hvpxyK8lAkqzv5bAH/PpzLaFEi6HieMMiWIY7Y+DGzddq2mSVkVVHrxwD66Ri+7h45kxcbqGIAsBJ5gQKNlj+Z9f3EGTJFG7JFDdEX+Jz8iA/wCWge8k+0Ri4AOoSwxhI0YfHnhUR7JjjLErSC9xrc5oHixVan3aQAf8M7KNgeP7tjBHAHalcV9dIt4pOQ1xRAWt0ZeFv0896ZkMMlbsYELzazTjkebnzH92l9y4YB4g5U+Jb7994jGL9xRzBHJTFVaXlwAI6G4baIoX3vT+LJCIJ/Eo837q+RjzI0D4pyCRjybh1S0gQi+Adp79tZu7C8zvh0WZpNyTzcs3YgaSmnwpDIv3NjuLE/8AF5FWSSSBdc60CzV4P9v+ZAdPMuZpZ2zGaRDNkGLfi40CQxbzQtAq7AB3XkfPvq+LHNLBI2MZikf8pIhgDKNxIALOpB44o68xUwmiG6Bh1CympmZiikNTE2efXTO3wVN6fcWA5bySLd361H6emo94XZQf7SKAd2nsUM8UKpLi5zNu6js0oUFnUcAB6rufc38tTQ5czAiIVcWciuD1wR+rZqaz67TviFhPmdaZVHJrn5E/w1X7wLIK36ClPOlTNsJ283xzY7e+veqd36XpyT+z215jt/pFdl46HUj0Artt1YN7gfqN6REpC3Z78j1vVllBssKF8Wb7cHU7Zldl44HQ9h8/U/lzr214sj9ulA6m2HPHHBv9Q1ZpXYLRvkUCOL+mq0GF2TGhVHg9vcXr0Edge3Pez+d6UV5CF4+Gx+ftWvd5ANEFh3vtXBGpoaTsNGr9iO4Buu/t217uQkAEc8cD17aX3Abq5Ue/v76ruu69Dz871NBl9kxsFCSAwsDnsQL1YbewI+fHGkhYIb5ixQ9tQkkE1QFGvU/XVaP1k7MdIF8H1/PVqQ9yNJ7n2gE8cA7fTXpMgJqiLAPPGh0/rB7MZ/P17XqWFB83pdWToIJ55IsD4QO2vCXuh6kDgEG/nqad5O0RDjb7g2L7/v17Sdyw5rkaADXFVwaHNa8BPI9O5oAgDU0y+yDGAq823Pz/AGHUKj3NcDjtoAYkkH4gasACq57a96gNkCvKSaHb31NJl9mFpB3Yd67/AMNeAobquCLq9CuxVG/T3/K9WsAqBfBr51861eB5k7I8woI5ojgX2Naln1/hWqbxbeSgKHryTqGRBGzGqSySdwoV3J1Wn4gmkeJckWQT271r2645/wBfloIy8E7AJ4rat/mACjvyT39O19/1GV45AxjeFhQG4SLt/WONRlI5EnZM8sGu5PcfTUNdqP56steU1Gb+KmBC17/69demOTkLGp4u1IYj9WgyJOyfiVCnvtPfjnXhWj2a+fTjRuk/H5jzCjweCLP69XSENYJ5Xv5a7juDzqtUvst8RbaD5vN+wfv1UxpZI3HiuO2nVx4mA27qa6FrwR3Nn0+Wp92XjzMLUcA3z6Gq0HeEv07RDpqRRU33Ar21Uwxj0I+nHGtAY8QKjq8ttPZuKbv7c68OPjg8PJ2N0A1kWCAdELcSemaZzY0LK6slpImx1YAh1JBpvlqi4eHGoRI0Ea3SKtILN+mtEwYm0EM5bYWFP6WOSu38jqxhiXts58rbWG4bhwdp9NM9Q2MZMv0zTO+7Y456ad+CFAv0rVDg4jEExR3XG5V/iNaZgYiOlskUQoJI54L89/8AX1qcXbRckUoJUAMx9Cdo5Hoa5OoL2G+ZPTtM77pjiwI4vKABSr2Pp20P7jiUfw4aPLgIOfSjrS6C7VZpACw3eVK4483fga9SLH3AHeebEhZUKgDnyMOT+Y0Yub5k7DzIPhXhx5+641+h6a/q7a9/2dh0wEKDdbE88HsSNaqQIx2773A7CpX6+/f1GvHiRQ/Dlk+ADbTciyT+/ReofOMyeneYx8HwqHDAAED8V+x450ufs/4awA/EG0UNshBPz5GugEUrrI647XtFRNIjSc3yWXyDtYF6ggkKgqUIANjhe3fvxpg6qwf6jKNLmYSeD4cS7UV65rcxJ5+ffXjeEY5cvct0BQcBSLs3xet4484PIjKgXYZa/LQ+nIG2hb5oDgkEfnqeqs/mldqzjMwX8CxZHLl5ub8odQovnjy3qa3xDNbDaVPqAAD+Y1NH6u3w0naeY6ZHhkzEpPsjG/h6LFVG7yk0L7n8tMxQYzx9SPLjd22CJCALB9asn21yme5GXmxwvkbV2hR5d1OgBV9tAk8cDSTyziTGEJlTekL2HBKk8FldQP8AX010fQlwCrYjhb8zvGwU8pEwA3KoOxu55Ngfs1dsE+VTMoNCx0zYrmrvXNHxvOjTfLsIkJjSW1DUjFWscizXcjWhjePsWInFlQrRqSit8O4iyKK/PWSzpbhuI0WKRNlPD0WM75XsFT5EtgaJIVbs376qMOMfhmZS98f0bPI59/2aEvi0DLjyPNEoozgAkMoUEEqw78jnnTKZGPKElAUdQK/kIQOPp2+Z1hZbFGTGAoZRcNTStLVv5vIWW/fd3/KtVOIm5S0oQnkcEqIwOLOnA8jAxusb2Qy9MsaVR+iSK73daDYHWAdXDL8HLDb3C2Ofkb1QZjsYQCnzKpjY7KzDIJDeVQoHNtVUb51cYkI6i9UMw2rY2jt+iFs8euqDIhQLv8jKQpQ/GKHG4L6GxXHrr0y44CuzICVIJN7gLNXt5r21MMPMhUEQn3aJCg37msSCMsAxVfcEdv8AHVvumMdzbm6bH0s0L+EAjt9dCkPAVmJRhwkt7ADXC7/T1HOrq5JAVCCyAN03+Ja/S9PnqtJG+YIEKuAgAJLHce9eWjf5373rw4IVGALtIGDKzlQh72OfTtzzobZSRyFMiZIw0QdEJO4rdUR6+urtl+H/AMr99gpn6apI29tqmjsRTXrfOlfxCTLBUcyHFiZBcixmLy0iMWkJN77A51X7sj/BKWoFqLAcDk2SLrUebEx2VZ8vH/ELsTEp2ObIUbu1/Q1qxmiK5P46MoBAUEiXpIA1hOT7Hg+uq94EmV+JU46lSfMG8tsaKnn9Ed/z/wANQQruRI33HjcdoG2+3c3Wl1M2QQy5JZekrJvUgIG84J4r68fu0PflK5jhySQ+2R1cC6XnuoqvodOFbHzB9vxHfujl2VZOa7hGYd+TzqfdyhlCyq6JYJJDH6mvf/XbWe2dMl9SeNldQsezclpZJKgWavtz669XJWJHZc2NGaMNMvSDMF3eWwR3PYc6Ls2fMmUMbMUrcXblVoqFKsxHwq3A+urdDItUKEknggC65+EDnQYs3GjDrPmTFt3lbopEIubJUKTwePnx20KPNEkjbZWZwXIQoFkljXy35ueTfr89CEsycS8KeIz93yA7L03LiyoZaZjfZb7/AJarIZBHMgDIdkm1uKSl9eO/y0sPFVVkG5Q5DtGAWOwqvBd6oHv29Dq/+1cXpSPJlxsgeiVRgzyLRKMxNV8z7fLRdu0HOIBA+Zw+TI0UkaAgbZJJJek17LIbaAOBd330GLIkjdJEkkEjhtgVjtqwD1AT+fbXaGb7PS48qypjMsjBDGqRxlyPxCHePzkXdc6z38M+zcyu8fUjXf0m6UhEcTObJO/nn5671fVppw6mZzXvsZh42dJH0ZHaZYkbbIyEgpLztBUG2/d30+n2j8SgUzM6kO8iw1/J7iSGsD2A440HI8KxoyhxsyN9i5ClHjVWKCyrqFsEk1fv+XOaFjp/I2xVUkMQCAe9tQHmPy7HWjRTaMgZgZZTibUf2p8SCxlZSiMWV1RbjJHDEAdr4u/fR1+1GfAAG6JabKaBJJ/MFC0CSEs+o5HtrmjtCyJtaJVLkG1aigUfCT8R9dXIEJQRPIAeiF/QZi4Bk8tE1+rvqHo6T/pkDsPM66P7Yxomx8bdIbWSRSBRHlOxa9dNp9qcWZ4Q0LURLYABAKAMoKA2PW+dcLvJkj2kK5WWVzxasGIBQA0CBXt76EY38zCR2M5IIG7duZuWcgUARZ40k/TqG8Qhc48z6F/vF4Q3RWTIIDqWZlDMVu/L5Ob99Mp414TtSRck9MBlUlQFZkNdhzfqBr5uymKWSyJSEG5q/DhJPHKmrPz1ZY82EOyCkH4TrK3MbsgZitH25HfSj9MqxsYw3ss+ht434aysUyE3WQgYbS9UxLC60FvH/DVViZIwNlkOfxN+40m0jvx+38tcQCoZrctbdPqxlgnUu+7KP1fLQp4MoPkNISajBI/EJYKQoK8VZFN/rkF+mVE4JkPUMJ3B+0uOsQfpONgsXzvY8BQR6jn09PbsEfavw89OZsYBmN/hsVYN6kEiu3y9+dcZ1J0gSR/MjecKWqQ9Jqt170Rddv4aoNpVpFgqLqL5QwBQuCVUBvN8/wDVFo+mU+RA9QxnbS/aTDX8UYo3yyCgRSmNgeTQI/8AY6GPtQnWyGeJ9kTp0yL7Gihax27nkVzrkEWJbEzpvAXoCwUkbcAQe9V71rx7jl/4mKxLHtQoQI5EDEE03J9hyNRfptHGJGvbxOwb7SfiZZMCEwqS7IAFUcWSb570NUm+1SxLYxwBaFWG5WETH4d3PfkdvXXGEojSL0WCcWpLCiPdjz87rXtxHyupaMOeeFY+W9rEXx7UNM/DaRyJXqGnUzfajIAIUXHIKYD4bC+Zdwr61f7tLr9pvEikRSSNECU6ju5UeYWPf+GsFVKpMqM5i4eNWBYAFhGW4Ne9H/HQlEkRYMhVkalAALF1bgH1500dDR4WV3W5zOk/3r8QASMsq2VG5V4oEsDZB9a/VoeT9ovFkvZKVdvPHIhQ3HVWpTv63/jrBLy0For0z1QCdoVgSPNv4v668dkUugQmRJDuYHym/RdoGrXoqQchYJtbjM0z4/4u6hDkMOWYMnlJtiTfryf3ams2Jg1U23ygHyqSdpIHf9v+eppnp6htpH7QdbHzNbxlkj8QkDLsbpRKXUMJGZwPfiuNZ+1NpYwkkryB5DGEaxt28Cx/a1teNLI8uC4Zbt0eUbjtC+pHJrnWCp2ySBl2haWPduA3qytbKR66Dpm1VL9pAZWccoKkVixZg7AbSBz2HHy99F+6mJCzMRW2mUb1LFeVY3XFjXk0swkYFl3lFUiMmkAIcCrr3v669klQRoS8jM4RsgFdiBg5AFD0GtO+ABLxiRZnZy0mRGqGojvJLlAb7AHj25/x1tYs+RlZjpJIWWODqLU7FbJGwNXlDCwDzxrnZl3TrahkbzUrVSbq7j/DTuL0hJtSCZZZHMaMr8qodWJUE8sfnWl21qyQhtvOgk8QeHr40weNotrCIspkkRx5Qj3uF82ar5c6r/tgPK8LNJHKqsPwo9tFgGCqdwNDseDrnpmDnIDSAskzkduo9tRPURaI499KtI7MwXaw9N9lixPcX+zWZejQjeTuEHadTJ43TmUQR9UhSZOd2xVCgODR4970LK8dcFDDIszMheQDco3k0AF7WPrX8edMk1IoKqKdXO4iTv5lYE9h9NDDxqUpiQjcKR5TYvbye2jHQ1+RKLkzok8XzejkySmVpS4hkVox0VJPB3Kb+lA8jVU8YzDJGmK8jMYkYiUIGYqaZU6Z+HkD31zpWQMqk7EUnmwCNovyXxejsxxk27JyZlB3s4UFAeaFc366M9JV8cwTY2djNT/as88rNOvXSBmJjKNtfzFjvAZSR8t2s+TJZnnfGV+hvDUxQMI7DDdt47+2hs8sTxyxGBi9jYgVBxxTRg9/2HXvVeeR3kaFQ5BZRHGA0nNL01AAHvWmpSicDaWHJni5jzsFZm2q9otmrJ9Svf58aYbLyMd1MM771UKxfcDGQxalY88cC/lpJ0idjJjxusSlQo3AsBQBLHvZ165dfKsTBdzWfiNXdcft0ZrQ+IQOBkzYHi+cYw/UljJBCv5tjsbLMb5N36cfxj+PZxP4U7mvKoIKlQALde/BrtesQmRtnDdgqtZA7knbZ1C24qpAQIAvYA189L9LXyRB1mbLfaLMEUyK73ItFuCFuj5O1XpUeI5UqzKaLMASVIBJuyT6XpJkA2oNrM77dwbysWHCm+NDAbcWbykUu0D6+va9EvT1AbCVkma+PlzOdxkKMsMhbeB52UccmgLF68GVIZGPWkcvwEKkGMGido9LoAd6r56zw8JLguzEsu1txG2hVkkcjUS45NzNTNIHB8xbg+nrR51XZXfaGh3jjzTmZ0dJzIZLjDLtYry+2l4HGlDNLKZBGoJYXQPlAHNBT7dhzokmdLJNJkPJI7NQVXJDqKIZt4o2PT30GEeZmTssbFSSfLu9R8x8+NGqBRxB3ztCdcxlT0uWXYqMSAHFUWv0HtqzPkKyJciIKfi2JZub3Dvfpqkmzcis5bcu5UkNMXa72MtjvXfVVGYA0J6mxJVtIz5Swuyv6N+2r0jGZZbBjkUrs3XkLMUO8BgDvCUbPP09des8X4rb0Tb5l6bMxAJJZpeC1jgAX217GC0E5a0eOwg9EX0XaBe48+n7tLLMEmQIskm0MJBRABWxubuK550lVBJxCYnme7WjJJUNKGDoVf4FDBr2t688f58Gl3iSSWebqSAIx3VZRr8m5DYB4NaEwVWx9zBdxI2szM7KVDbmPFX6A+miDpl13IAQbAIpbKhN557VzoycQCJVGjt0iSRlYDcnlZ3YKCDuAsDsa5769WGYOZHkKMjxiRuoC25wCVDD29f1fTwK2/aqKAtDqwm9vlLm9vPNV31536XURCqyMxEZt25BItuaHAF6rMqWikeUzcs0MclrENyMqLRMhIFcX30eNisLRLYctSFo0eKiSCxLdgKq/fQNzouYqxkJvAXqKQVCncTu5+hHz1dUnKuru1K6uDFwAJE3BbbuflehYQvEVUPzFdlW38jhNvl4a60USI21ZmZlLoepE5JQi15T1I7en7dV27QxjZ/w4wx8tDirr5j66p0qV9pVk6YkVlZRzx6Xu4+emZBizCCZlVl29Tcu3dXm7GrI5/K69OdXFSLaAEurRIpvcg4bd2s836+n6xSO21AOmRVuYkIZyvJEpPc8carGfQutBi9kn4QNxEZ9zqtPmVPUd1llYTBE2Cj3PIvgc1z+/RseLJypmxsbHORJMjOiyMqlQK3u5Y7QB3POlzbtSg25YE7fh7HzACqP00ziBY3MqH8SPHkMatXJI2mgSDY9tRjgZhHeamP9l/tC8kX4cEBBByHeVd6KPLtkj9+Kcd/4tj7G+KJHNI+QrTKPvKwIHbFDORfUmuxwfY32+eseLxXKd4yJnM7R5G9zI6sQRds3YV7k6Z/2/kkxySRq0iwFAruSjPYttvYseD+v31jYdWWGCMfaNXtY3j0P2ZzC+KryYxS4pJoPx0Dq77nWOQA0aocD19K06Psr4dHNI3UzGxxI0mLjqWWTYpYskrEGwvAsG79OeMRvtNmMyb3iWVd6yZcXUM5D+UgHdXGqp474lFDi7cl+k0bsqu24MwHLfDwzaB6urO4bENXqHibv+7PhLPNOcjIiiV0UQR0zMSAQoYqTYU29g38tNL9n/s5jNNtL5uTMHB+8tSY6mh+HGACSo5Wxz8xwebT7TeMoU3CGV2dAolG4hSCoQKTtrTcH2k8YkabD6WPJNjCW3cJuYRkuyb2amBoba9uNJanqwDloXcqJ4m/F4T9n8dMVfusOS2NCcZ5WYSyMxO/dLGtLu5+Kvlqayj9p4wgRsOJ5PiePc8IikPxGQMptjx244+eprM1HVMc7/vHCyvEW8XCCDyGi7xIDH6WexHJ9+3fXOyuxJdgXHUWVRLTMATVnnbz6itdD4w06wpJAoTpSUwKg7g4o+Y9vn9dc7L8I8qUsV2XDgsb7AAH5AV6a6XQj+FtOeNhiWCSSGSESp5VJTctSOootTRg2f2arMrrC4LMFOx1Pbet+vyH11ZWYqZdgiEqBSGsrSg3wew/LVotwSWRTGVZNgZzYIBDDYOOCaB+mtmSDCO8AwRHhdbDsFNMQR5jtAVff89EeaWEs0DFdkplqgzNzwzDt9BoTFyGIBXax8zEHce/B72P8NFJ601bhtUL1WG0LyvFmzyTopNyMS34MqoweZmAucdmBPqDfrpQtI5Yq4Bj8wqwKHr9dO+SOEsF829lDxWCRyBucj69vbQOtjxs6nCBEcYQq7OY95sCRqN9+w7aiecCAdoLakbxspdm27pFKgi2PAN3YOozq7u4ChqMjqRtIJNUBXp8teU6hOCA25hzZO0UTfahrxmxndCgZdm0uAfwyoqyL8xJ00DMomStskTqAGAbuVIXbV0vOqs8VnqG2I8pO7kX6Dt8tOY8RkORsh3oEJ3AhGG4hQxrn6/6rpIGhSHFxZMDHkeOOeowyrLEL2/jNW6/Wr9tJsuCHcQ0rzOVjdNhqAbeoqyTqjEqb4VSeNEOPOPP0320SQ8dGm7Givr6a7fF+7IEixQ6hZZcaJI5I3e2AZgaO032W+/fTeQ+QsOKux4meeNLVukZQpIBUlr4NA+X6awnrt8BY3tY8zgYsaVrC48pihdWl8kgaJz8Klq9RpiPwnxSfaBjuDIwZRNUcmw7jwpG4ni+379d3k46Y5TzSS7XHUbGZndoYzsFgEOaN/XVXmMm1cczt03jk3RkIQxA/DayfbkAnt6aS3XMd1E0Grbczho/CPF4dwODl1e2NXiXzG+xZjwLHv6aQmw88z2+DkqAjNQiccKCSQaOvpH3NJ23iKeMGJrLkIjbnPmRGIJr1A9TojEKFmYusq7Ioo72TPbbepsIFEeUAdqs3oR9RdWyVBiz06ngz5rJBm31ciHJRh+HQgYAEKCFAqueNXaLIlkVJI5FnZj1GdWY2oCchQRwAAP8APX0BQYjIzu8nnMhjJK+dfKC7Ofb0rQTLDNJjszyqRHYlEbb44e6xoU5A9+93200fUD5WUKADgGcA2F4g5j6OHMfvMhEH4J3SBRRKX6A3p1vA/FsSFJZcd43ikZSjFSAVo0TfqPYnXZq0RSFosgyCTqLscuBGp5CccUezHvry4HkJyIAkkjiMdRk6ILEUqAA+b+jerfr7DjSBCFCg5M4/D8G8TyJvu8WJLvpnynnChAb3Dk+vtV3+3TUv2b8VUlTiJGAOvJvmTtYKKQCb+QH1vXYRGZH3RyRRupjihECbinDcMd20s3sL49tWWXJmfoO9RwCRyUQlFTYSGZQos/okWdIPX2E6th+8sUpnM4z/AHd8dXIj3RQyTE3GY54jGdy7hINl8duR+z1Yj8I8YZ0TbiRhw8cZWVXCmKLcoKHzhf0bPrrrriMKIsi5WPAVKLAgiEbFa6LFfxCb5IquPStUfMw0Ek33mNFnmKdZYwQrsK8+/jZ78H5aputsY8S+0nmc43hOdHId23I68ZhkkjVIQhNFqVj3AvnS0vgTpj4+Ssix5Mwk6Krvf8N94BlZgLbsQANdS/xlJyVElqu9Q0c6o26gEW/N2HArXssjs0TwSBoIEd1JVHWLchAXpbRzXH09dKHVWKfiWak8zn5fsu3UaSWTIAYRRxRhEdjEV2hixtwb+Wp/u3Kisv3gq1IIyuOJCV3HlvN7Kb+utyJnH3rqtNDEegjxZEu1igpmUSjkWD5RYr8tPNj1K/U6bxjqQuEBMhkA2Rxo4JBK2LsX+vQt1lo5aWtaHxOVh+y5eTIJ8QlYNH5f+EIdJPK4baWoI3a+/Py0bJ+zDKMZTl48F/d1ymKzNvkUHdyeABYH+N2OlOO0oRUdsiaKFIsl+pJUboWCyKF+VAEgjntryWDElGRPvkWQpHHIsztGQFF7owDsJJ70Oe/rwLddaDz/AGhdpPicyv2YkMTPP4hCeZii4WOxcb3pTIXYDbxfv9dKT+A+KRbnnycQGdt4RpAoZ9pC0CNpYj9ntrpY0x2LjHygZmhaQMSY+pR3bGU+Wx2Pe/y0V/D43XIl6ke+VFeZsht6AOVFIjH4h3J+Y0XrbBux/tBNS4wJxcvg/iiRs5VWjONK14ZMpWiE2+VTe70qx89KR+H+Jur5EWFkGGKNJHYoAqoXrcCeb49vlr6HLBmLNKpIM7xNEha4FIlqQSM0TAE16bRWpIskroJMmcsuOzKrQWGjAIMfk/pcgc2O+mfiDAcAwOypnzyTB8QbJKyYOa0jqZJVWE3fOxqUev00GP7vvjjdWjDGRZAyWbKlTtVyo3dvUc677FlxlTHkUjqRqiNHG8qRhlZWRnJar4Fe9fPRZmxZ1yTkRS5DSZWQswniinkVHPZWdQNo9Ob078R8Ff2gen+DPm5lW3MYpS1Ru4HUKbexskA/5860MCBejNLLK0fULRxRPGHMymPd1kY80vrx69/TXUT/AGb8DyJwUkmxlYxp9yVl+8NKE/EMYYEex1bwzwWXGx8jHyModPJkWCMH7wJIWYsDDGApRWYgVR9vzOzr6im37SChs7TixC0e8TRSDhUCwsvLEhyjtdWB3H+OqEwMQiFIYiJf5VOoytQG21/WDWupyPs3JJkZWMMz7t4bEpfHjbdkLAxiDKJSApAYgBmAP04vWblfZnxDEwRPujlLsqlQhiUqUMlo8rBjXI+Dt6kmtak6qpse7cxRpYeJixCKC3mpschVsAJkbbomJT6j15rXsUSSBQlqztJI0kxCr0zwgZiB/HR0Wab7yIsGVW2zqsiLKIlApWXewPHvZHJ76DDA7DEhzGmxMXIR8jHnOM7dShsVluvw7+Jhdd6OteciLCnPEFsZPxBMT0hxtO7a57EEdh89GikyI0JRmYSBB1ABtBsEBj6duPpqTqmMrFA7SgFDKtqjyK/EoBA4I7akZlkYO8hEzqJpYiyoNvmCuAoIv5EeurO4kxg7T2WIySTzS5Z3u6hWFv1BzbFnN8cBeTf5amgujq9PtoiwnFp6VtNUNTVDPzGgTq8yRpMPJUsK6bV5N9Wb7d+fU65ZJbJSQFkBDAg0wr+j8j666uX4Mj/t8j+xrkn+Kf6J/ZGub0IwrCLWF6jFVfZ1LBkRLICsHpd4ayRfOvXdWEkU1MiMsjMK7NyyjZ5Rz7CtUTtF/wBq/wDaGgr/ACL/APQn9o66GBLziNuxKpUaHeWJLk7UUC7IU0T7DS8G2ZSigkLLYRiDam+SKrj66Nk/zTC/r5P3LpbA+Jv/AF/uOrGyEyDcxmeSbYSysyxwpsIoKihuBxxVk+mgymRm+ABCVJpVB3MLIoEcaMf5plf9MP8AaGq5H8ov0f8AsjQoYJEE7z5B2swpTyQAKJ4I44+tDQQpWUqoBKB2HFqVVb7n37aKneb+pX92vE+Mf1a/2hpw9vEXHfDh1slYXyocWOSGQu0ULSGQgApGqWLJNAWaHf5lk9WOSJYF/wCLi3xyESBgdnLbiDt4oD/HWdg/zzB+g/edO4H85H0yP7R1lu2OZoXaOjOyo0x0kkh3KXZXKxQ7SAd7F1G4k3S861sH7Qddfu7Y/VKR11J5Ex6Sth6TFdgAFkXZ1y2V8GD/AFs396dXb+Qk+q/2dZ2oRgCRDrY5nQQ+Mok/UQedlZGeXY6pGGGxVoc/M0OdaS5M6IsccuNkLMSYBDIxIey7lmFLdcHXGwfD/wCk/wAdbXhf8ngf9xkf2TrLZ06jiNBM15sxupNJLBKVaN+mUG8QzSGl2fpcdh7fvPLkxTED7syFox1HyWUkEKFLhpOSPQADudDHxTf1kX7tC8c+PF/7Jf706ytWoAhBjqxG5o8KKLc7yS+RWnW0rHnUhV6brzsPPr6VpcZMJkBjjlKrbRyTR/oAd12twB2143/hfjP/AE+Gf2m0Bf5r4d/8ql/vhqaMxmN486l4RMwWyVTdjgXbP8dAgCuxv11eBMyXfjRRQRvCgmH3gRiRwFLMVlbilFnuTzquJ/4ZkfU/3ra9X+Uwf6tv/sn0nUFcDEGKr1skKVigOOpjcF5CoXYpI2lR3J7cadEedJjwZG8NJFtpcdVWRPKGZSZDRJHrt9P1hw/5ifr/APkNM4n84zv+vH/+30Nrmtcj4/zJUBZzPEwsiKTrscY+ZZywkRZObqNWoEnv+joMePhuzrIUgHU2yPAFYiOtwIYrTV3PGnJu0H9YP3HS7fzQ/wDbS/8A56Utuo8Sm9pxBkCaTM6WZQCNtXIBZHC+Yhn7+l8HnQguNsjeDIgj8rdx05SzfpEPwQfQXx7aFB8EP/V/+B0pl/BF/wBUf7xp2NUDV7hNP7whcY0jK6E7shZnaO2QFi0V8WRXcHQky8hJC/L7Z4hEpVtzs5YkyADa3Hrf7tK+O/zlv+qP+5GnMP8Amv8A/JYn9ldH21wJNR5EYhy5i5l+8dMTdNdsIBYot0pb0YkWBftq3UaalTqTSGN+memszRwMaB3EfEDd0Qe41n+HfzZv+/j/ALtta/2f/lW/qR/bk0BqUmUbCBE3E5VlORkrLOXgyMmLDZjGCLTyC281E8e3fnQcQR2Bk5k6uN9S5JmYSSO1VII+aHetdLhfyn5439s65x/5yP8Av1/vdIS0spGMYjGGJ4Yp86PKCDLmkeR4ZMiJGiyAxdWZx1zyBXuDR0WKWbw95Q2JlZ8k8jj7vKjKETaQ+wqd27jzHke2umxfgy/63xL+6TVcn/xz7O//AL/721oD7Yx5lKMnM5rJyimHkZnhUaRY+OqHJUkvkbgo3FIGjBCob3cnvpPwvPys8CYRZGPjB12O7GVRKp87KlAEtyDY406fg+1H/b+K/wB7qfZr/wANX/vf/wDeXRnSKXcDcf8AEhByN42pfChz5MiWOeOSA0uPGJy0zEgBHXzqQaPtX01i4v2gM+dDDBFCBHZbFdDJLPkvw23bW3kehFAa2IP5p4r/ANM390dcb9nv/wBSP/Xt/Ym0PQotq2Ow3EuwnYCdxAmVKRI+YMaBZ8iKWScoxULSRGNTZ3ew9h89AfMlhyJElHiX3bFEkDgLGjRtt2SSu0m4eY1Q7V8+TbxD+bZH/wA6xf3jTfin8x+0P9RL+8azphm4jCMLEvvKCARLMhg67qMfciMRId1zqBtYcd+2h5iReI4RVExY5ZWMO+ZFlmEexUDY5joBSOw7d/bWT+jkf9m/9pdOYXweH/8AVD/fLpqpo3EUbCREsz7N4XXGyb/hkx06arkrvDhKIIcEcdjfp21j5HhDsIZoFWYyhozjldk6twvmZSAe138/lro8vvn/ANdJ/DS+N/LTf9oP46109XaMknOIDIuxxOYbw7xc5bY/3J5HZXkQEB/w0IXcHHFenfU13HhX88x//lsv9+mprZ6xviLasZn/2Q==\"></p><p>555</p>', '社团管理员', '社团管理员', '1', '0', '2019-05-09 15:00:52', '0');
INSERT INTO `passage` VALUES ('96', '42234', '<p><img src=\"data:image/jpeg;base64,/9j/4AAQSkZJRgABAQAAAQABAAD/2wBDAAsJCQcJCQcJCQkJCwkJCQkJCQsJCwsMCwsLDA0QDBEODQ4MEhkSJRodJR0ZHxwpKRYlNzU2GioyPi0pMBk7IRP/2wBDAQcICAsJCxULCxUsHRkdLCwsLCwsLCwsLCwsLCwsLCwsLCwsLCwsLCwsLCwsLCwsLCwsLCwsLCwsLCwsLCwsLCz/wAARCAD3AXQDASIAAhEBAxEB/8QAGwAAAgMBAQEAAAAAAAAAAAAAAgMAAQQFBgf/xAA/EAACAQQBAwIEBAUBBgQHAAABAgMABBESIQUTMUFRBhQiYTJxgZEVI0KhscEWJFLR8PEzgqLhByVDRFNikv/EABoBAQEBAQEBAQAAAAAAAAAAAAEAAgMEBQb/xAAqEQACAgEEAgICAQQDAAAAAAAAAQIREgMEITFBURNhFCKRBSMy8EJSgf/aAAwDAQACEQMRAD8A+Trgrj7UUcXccDdEGM5fYgfogJ/tVRQSSyJHHgu7BYwSAGY+BluK603Qr2KISpIkkoGWiQFWHHOp9cUw05StxCWoopJsd0yydPmZBLFLpo0T2xYuGUFtoi4AyPBUrzn0zz17a7t7pCYpd2QKJRqyFWx/wn/nXE6P1AwutnKuVllwhC/WkrYXDeuDjH2r0qxoNsKo2Ox1AGT6k4r6m2pxWJ8/c3k8jJ8rI18LzugKIhEIwvke5NbQKILTFWvbCKj0eOU2+wQppgU1YWjC13RyBGasZogKsCtmWDzUwaPFXitIwwBmiGavWrAxWkBWDV8+9FirxWgF4PvUwaPFXitmaA5qDPvR4qYqKgf1q+aICrxTYYgYPvUwfej1q9a1YULwavmj1qYpsqBwahBo8VMVFQvBq+aZrU1psqFYNTmma1RWqwoXzVc0zFVrTYUL5qsGma1MU2ZoTg81RBpuvmq1psKFEGhKmna1WtVmcTOVNAQTWgrQFarCjKymlMla2WllabCjGy0llNbWSkslcpGkkZNCalP1PpUrBvg8tNZX9qxSSGTjlXjBK585DgV6q0knkQCQbBY4dJxwJwyAk6NyCPB/tTlz96aBX5/R0VpttM+/qa2apoX8tbtKszRRmZfwyFRuP181pUVAtNVfFeqKS6PJKTfDBCmmqpqwtGBXVHMrWiAosVeK2jIGDVgUWKsCuhkrWr1q8GixSgAA81MUetWBWiBweKvBosVeK1YUBipimAVRFaRUDjxU1osHirC0hQOKvWjC1eKSoXirxR4qYqKgMVNaPFXr4qsqF4q8UzWprTZUBrUwaPFTFVhQvWqKmm4qYqsMRWKmtN1qa05FiIK1WtP1qgtVhQnWq1p2tUVpsKE6/ahK80/WhK1WFCCpoCprTrQFarMUZippZWtRSllabBoyMlKZfNbCtKZfNFhRj0qVo0+1SghSjmnKtCBTlWvio+wwgtNAqlFMArojmyBaMCrUUYFdDDBA4qwKLWrxWkFAgVeKMCrxW7CgMUWKLFFitWVC8VetHirApTKgNfFXrR4PFFrTZULxU1pmtXrTY0L1qYpuPFTWmwoXrU1putTWrIqF61eopmtTWnIqF6iprTMGrwasioXipimYqtacioDFTWma1MVWFC8VNaYFq8VWVCtamtMxUxTkWIrWq1putTFWSDEViqKmm61RFWQYitaHWna1WtWRUxJShK08rQ4+1VmcTOVpZWtJFCRTZjEyMopbKK1MtLZarQYmXWpT9alVmcTIo5NPUUmGW3mBMM0MoGMmKRHxn31NalFfIjyfVarstRTAKiimqtdEc2igKICiC1etasKKxVgUYFEFrSZC8UWKYBVhacgoDUVetHii1rVlQvWrC0zFWBTkNC8eKLUUeKvWqwoXrUxTQvmprTZULxVgUzWprTZULxV60zWrC1WVCsVeKbrV61WVCcVeKbrU1qyKheKmtM0qwuKsioVqKmoputTWrIqFaipqKdrU1qyKhOoqaim61MVZFQkqKrWnamprTkVCdPNCVFP1PNDrVYYicVWopxWqK1WFCStARTytDimwxEFaArWgigK1ZBRmIpbKK0stKK02YcROlSma1KbM0cXp0VuELwmdfR4Z5IZJI/YOyDP3HPrXUUV5r4Yg7PzwZW7jdsFo5IpINF8cxsTtk88V6lVr42jK4pn1tZVKglFNAqlWmgV3s4UUBVhaICiA8U2FA680QWjxVgU2VA61YFHipitJliDirxRYosU2FAAUQWiC0QFNjQGvir1o9avFVlQAWprTAKmKcixAxUApmvir1+1WRYi8VeKPWrxTYYgYq9aPFXiqxoXrU1pmKvFWRYi8VMUzWprRY4gYqa0zFTFWQYi8VMUzFTFWRYi9arWm4qYqyLEVrU1pmKmtWRYitfNCVp2KEirMqFEUOKdihIpyBxFEChKinFaAjzTkGIkgUBFPK+aArTkFGdlpbAetaCKAitZGMRAWpTcGpVkGJy4rW1jkeaO3hSVxq8iRqrsODgkCtiigUcmnKK+YnXR7HbDVaYBQqKYBWrM0TFFipj70QGMUplRAKMCoKsU2NEqYosVYFasqBxRAVeVA5OPRfufP/OiGDjDDkUfJFOrNKDfKQIFXRAfl59KvFaUk+ixaK9qurx4ogKbM4ggeavFEBV4qyGgceKvFFjxVgVWVAYqYo8VMfanIqBxV4FFirxVkVA4qYosVMUZFQOKvFFipirIqBxUosVeKrKgKlFipiqxxBxUxR4qsCqyoDFTFFipiqyoDB5oSKZ71WBVZYgYocU0ihxVYUKxQkeaaRQkU5GaEkGhINNINCarChBFLIrQRSmApsMRYHFSjAqVWGJzx605aSPXHn0/OoOodBQsknU+3IhKSd2BtQ6nU4KrjGa+VrbiOjWR79PRlqdGta121sZ1eTuLHGpK7MjNlgQpxj0Hqc+lYUuekORp1fp+SDgSOYj/6yPFdMyxXHTrmwj/hkveiihWRbuKREjR1fHZKkHJHP1V5dXfKv7ff2d4bV9yGv0u4Tf8AnQfy9d9hKmu3jJ1I/uaFunXykgrESoDELNHkA+CQxHFc6w6P1C1e+ka2gbuWfUIbT5JHj0knCqjPiYDAw2SB6jGKuwtusW807XqXiwrbXawot3fTpJJ2dYlaOVmAGeR7YH68I7/V9r+Do9rD0zf8jfrnNtL/AOXVvTP9JJoDDcL+KGYc/wBUbj/TFYbG464tyVvT1BbcWlyGad7aVHZLdjHGW7Afljx9Xp7GtPT+p9Xdbp7qd0EVldOy3EEEcjvDEWjCiGQZYtjwOf1rqt/Li0Ye1j7DyBweOM88f5q+KC1+IeoTr1JpvlgLXp0962ba8ibaBokAOzSLzt9WMnjgcHDrTrUd9F1Kb5Lp7JZtbb9qZjlppTGEJnt0I8Eg5Piu0f6ivMTH4vpmPqE8NrBDNPJ24/m7dC2rNy+wC6rzz4rkHrscc9/bvZOPlXlZGhmGGWN1U5DDzg+/pXo4h0r4gs5X/hCTQ21wGC291A380RtIjI1vKFyvAOfOfHpXhbhEa66u65GBcggnnPzEamhaq1pWhknoxR3o+v8ATZGhyt3ELkFVJVGCyK+pBIbPnHp610Om9Qs76N0gkLSW+qyqyujDbOOGA9iP0rxkSHbpCj/8xbk+92ff8q7Xwz8tDc320iKs3YjLn8MeHkclv9efSu0JfG8mcss/1PU48UQrStoJP/BubaX8XMb7D6RseU2H3H/tVmxuwDxGccfS/qRkfiAr0rcab8mfhn6MwxV075W6XzCxBx+FlP3GMH1qjDOPMUn/APDY/fFbWrF+TGEl4F1YFXjB5BH5gj/NXitZWFFYqcUWKmKrKisCrwKvFTFWQUVipirq8VZFRWKmKvFTFWRUVipRYqYqyGgamKupVZUViho6qrIaBqqOqx+dORUBiqxR+9URVkFA0NEaE1ZIqBPNDRGhPirIzQJoSBRGhNWRULIpbCmGgNNg0ABUohUqszRzEYqwYHBBBB+4rkXHw9bSI/bnui7MmEJjYOWdcqfpB5GfWtljczX0iR29u7yOTxG6f32IAroXcXVLSznk7KQSs/YjM4STJ7bMe28TnU+OcV8jW1YYOXk+lpaU8sUY5vhmeaeaVUkWOR5HCxyn6e5IzYxkrwMft9qU3wvd/Nd0wTdnuh2T+S5KmYyEYaIeBxS/4Lcx/wAGmHULjW4vIlvYgwj0iEYmOhjfYg/h8c0FunXopWBuLpIgE1KzXSDIhdjj+aeNtQfzr5sZykrs9U4KLqmSP4f6rDIWAuFURnBjjxlhE447UgP4tadb23xHCZw17exld+zmW7QZDJr5cjxtR21z8UK1wJOoXwVFbtfzpW2ddAARIjDHJP6UcHWfiz5e6mku5BJEhdEkjhbKkyYJMluD/SP3rXP0ZWK9i06h8Zw2ndN9O044ETtuMAHz3Yj9q0nrfxVCsBZ7eUPHI7h7e2YKUZxrnVDk4B/WrHxB8SpDbyO1tI8kgR0kt7P6M6YyQycnJ/anR9d6s0kSNZdNk3hjlZvlgAoftjB7dwfBbB/KivaHL7BPXOtfNS20vTenSLGrSGRrYKhKhuAUm88e1QdeJhuXm6DbaRlRL2Xuk2P8wgkBWB/CcfnTE687y3cUvRenk24buN27tAwwMhSNh60J6500WTXkvw9E0DMVKRTsjMdduVlhHnP96Gku0Vv/ALGm167bWsSGDo97bRXB7gFldBFZsrHkq8ajPgVhab4JkW7klsOqRKCy3MiNA2C0m52KyD1GfFPj+Ieg/LW8knR7+3guZ7mCILdwts9sI2fVcg4yygfnQzdT+EWitO/B1CG1u4RcMjmBzJbyO6RupEuMFlINUW1yrKSb4lQtLf4GaS00ueqQumssCvAz/SHMobCE5GSa0WVr8LWyXgtOuv8A70skbG4trgFGKlTr9GPegivPhGaaJraa4a8Dpb2y9nuZif8ACjMmTuQDx7jFabK4+CraOTsdQ2ijjnZhP06cqkchG7nRfH1Dmtucqq2YWmlykghZ9Jaxu7OPrvSGea5NyktxHChiPaMaoY2jAOMk5PPNa/lI2uOiyW1/0kw2QtEuEjvVDzJDjPbEcqqNjzgg+1c9bb4UuY7iSDrMJSdpFeTsXSgeNgCEH+akfRug7dPI6z09hag6pKZkMoPrJ3K5qK7N2zpQ2HxPHD1LSVZZpGg+QNv1CRljVZN2LGR3wcZAwuOf3ekHxXGekLpc6qIx1F9raTnvszYDRZICkAYI/LjNcMfDlgY2SLq3SGJuVm3N1CH1H/0uR4pv+ztztctbdQtAXjVYhFfRgRMpJJBXB+361pL7KztwnrsvzyXsNzHFHLGLMNbptKuzZO0WeAMZyAaS8k8bkPbziPwGEchP7YrGnRviVGQxX11p29SIuoMSZMYzgSelWlh8axRwtJf9SAjjma4f5nKnVWIYFmIxXo0txLSjSOUoKTtm9W2HGRxnDAgj8waI49SK+cSfFnWLuGGG76hPOC6SRq2gy4UrnZVB961r1+7SGJXd10IIY4ZsY/pNelb6uJow9snyme4M0KnDOMjGf1poIOCMEfavnX8ckYyHZiGIbd+TkYznFOb4iv2Cos5QDIzH9JGPeiO/j5QvbemfQMH2/tU/SvnP8Zvg6n5y4OpLA9xvP2HitMfWb5m2NzKxzkBmPJPPvWvz4+g/Gfs97Urz3TOurKRFduitgkyMwAGPfFdc39j4S4iZuSADnx55r1R14yV2cnpSjwaqvisq3kBCZdcsAeCMcnHFaFZW/CQR71tTT6MODQVUfzBOPQ+PzqjthgoLNq2oA5JwSAKqATzStCFAkIQrG7BSzHI4/wC9EtVRaTZpQclaCPGc+gyaifWUVSCzqHUEgfTnG35VsPT71AzyRqERXZiWU4CqTkiuZ0l3tblWKrc3PUZIIJZJW4RQxbcjGcegAx/auGtuMf8AHk1DST7NLRSoQCuS3jUhlHGeSvFQRSnAAA+7EKP3Nd/6/RbPB8HLf2q8tgZ+THP3ryfmav0ej4NM860UqkgqTg+V5H6EUo16bMnkfJ/s1c+aycPAYfkDHuO+JDL3NSR/4erea3Dey/5Iy9vHwzkUsuvetbcbGa6d0gRUZslF2bLDgfvXTSy6kHXuL0bt9xA4iacyOm2Dpl8Zx4rH2eu/MBWtejxxROcXCSvvr3Ajdod0MGK5I/L71ue8lX6x5COhG+WKdGRUc41cFkZWVkZQSMqynH96SXjHBdeSAMHOSfAyPWuDM/XnjKXFpZQWiWzrB2njSbf5nQRkGZ8bLlshAckU3p/Tb+btTSSQLrN80qYeQbaJFg7ED+nP61lb2UY/suRe3i3wzsF4/rG8Y05cl1GvG2Dk+cVemQh3jG5VQC/OSNuR5o7XofbijjEyY23OIEJLsApJ2z7CurFZzhtjeOGJG2kUCjkY9Erk9/Pwv9/k0tpHy/8Af4OR8tJtrtFnXf8AExXBOByB5pMkJUMS2MbBRq+ZCP8AgAH7V6gW84/++vMc5wyj/ApctrMSubu/JwdP5jDJxnjFD32qvAraw9nkvmLJeGuoVPkgiTIz6fhqV6ZelwMMvJPtnnZ2z+tSs/n6vovxdP2fEen9W6jYSrJZ3csDA7fTypPuynIrux9R6h1K2lluLiV5o5ZWna4kAQgwgpqFwf2HNcdbWzGzz9wGNOGfAiHjmQ+RXRgeyhWaOGOSQ3FvpbvGsb25kZ1UuxfkDg4+k/pXLUScTrptpntAzzxNb2UsEfUrW3Zo0a3eR+2xADh3AjwxAXycAeOK4nVOq/GnRorKW5uLOV7p5FKRw2zCMxIGYEnXxn3rvdDmu7uO6OF7UF+1qDgqrxIFCkHknPPtWL4qv5emDpdnJbW08t18wuYmdUjVLgFSocE5P9X5V4dO7pqzvq92mcyH4l+JpPmGP8MEcN1Ba9ya1QRlpAzHBV8ZAGQM808/E/W+z1C5Wz6VJDZtZxsVifYy3H06nWXPocHHOPFCt2Lvo/fj6fFB/wDOZ17TTM6Zt7IP3OUySeQB9/NNu7zpVrZ3tsnTVBe6h3XMzKe3A8qyP9GTjbjH98V2dLpHFvxYFv8AFnU5rK+v26P04xWa2rSLi5V2a4kEaBV2P5/pWmD4keeG8uD0Kw0tV6fuO5Mrub2XRFUFD48n8qZFL05/h64uI+lWyJI1nG4KMO83beQO4Mf9JOQMeazW3WOkXHTuqWg6dbxTRPZrhQ2biMq+sz4j2yp9Mft5puN1QJv2OtuvdOu4upTt0G2RLSe2tZT32BkmnR3TBaEDA1559RVX17Y3XR7k2nSuyJ7tILUmYOXRdZXm7SLgZAAAJ9c/nnm630M9PW1i6ZDDvNE02CxbeOLQTNpGuGAJA/OuvdX/AMP2fR+ldSfoiXFlLMflokZMRSyRqXeRXjxsCuAa5Xm6idFSVs8t12X5bpfwj2u5bsy9Yu2RNozLmaJcsVBPoCOKw3V/Ktp06S8gbsrYWMVuO/Ku1qWeSIvwQTyTnGa7XU+odE6/P0yNrKK0jtxdQwkyNIWe4GCh7eFAyMjjyPbzkvbSzunsbKVLqBY7O06dpciB3MdomkUsfplhya66WoowUfRiccpNnO6f1q1iv7CS2s83CXMc0StKpQyxo+NsxZwMk+f/AH19PuLFLfq9uo1NxYwq3cCM3b+ZhOsbxxqo5Vc7A/hq2+G7DpTR9Q/iDuIHJSKeNVEjurRhTIpGPOTx6Uuy6bLMJJrYp2m7cDGQMzdqOTu/ySrZz+Y/zXSc4ztJlGLT5R6qa2+F7Swtre7vHtIne5WNjazS9xmVXmw6K2cZHOP8USxfDCXlo/8AGytysEcEUUlndqWSWISp9ITyVIYfnXDmvbGW66bZdSMtxaWclw0eFT5lDKmrFgBgkADP5Gu4o6AfiIqkVy15FNCbVle3WONo+ndlSR5IwB4auOlJqKUnyM0nJtIUln8MNFbhPia0McF08uzidQ0j/wBLlm/Yfajk6d0KVJRH8RdHBmMTBnmwchj+EFvXxXNY/DK9MhtUuZ2S7vbBrvuxRrobcsWELKoG3IPr6+dq6B6Z8ML1PoUctzMgjg6RJZxvbFxclGlkUTsgwMk/V48VtTVtNmcAv4V08vdOnX+hESwJbqPnIFWMg/jGf6jXiPiWWW06o9tZdQ+YhWztY5HsriR7dnZCWTaIhCcEbceuKd1Wz6EOg31z0+9F3cP1fpcdyghljNqzQ3TGP+aADnHp7Vy7SIXFlax9qFtZrgIuNc9sRFmJHqeQc+/3rsmorJmMeaDtUCRRzPEUPbDRDzkMcAhXPj3pc0hJUM7YByeOAB6H058V1WmbSIsEbeG2bXVGbTt51yR98n9/NZ+3ZOXYFwX4XXGUI+on7/YV43qtyuSOlVwc8bHYLgcnY51OPPg1oXACEMNgSCMhgccZFEyDZsKX1XIUDJAHrgVfYfRZtOFGw0IDhTzkpWlOL7FIB3jYFSv1E4Ujjk8ZyKBnAOCcbeTknAH5VWIiBhuOePvn/SorgrsVXlsqMZwAfxVsDWsjkhsryAD9SkH08VviuGQYJZgQQR5wDx+dcUsigEEhSdSSQxA8+nv70+O4kVYXdGWKV440PvswUYqd+DSZ2478RRyeQEO2MZA+2Pucf3rrDqMsCWU0WzxT20ziTIZTJwp+jORr4wa8lLPEzzQHuLglQSQJNduMgcU9C6IBszRj8BJCgbHNa+eUQpPs91B1fZ7MqkofNq/4CVyc7A/6VzrO51vIe4vdAlBZJHI3Bc4yfSuDbXsqyghzvEYgVOSSwxwB4P2p9u0PftU2jzcRQmXussaru/ILseF9yf8Auz1HqctmoqKVI+qWtskVreSpYpamWyfLpcNKXwrEDkce9eZj2eEIEWNWQBirYOGDA4K+P3/atnS7uxtrFnNr062eWzMLSRX8DyyHU/jjOuPfyfbFcezkdouLeVyqwhVYnXJBHkkHj1redo5YVZ6/psUB6f0cduJtCVTAXHCSAcjIraUHauGktUiKxsV+pZM4UnPA9K5FpeNbdIhuGiYJbCWTQfiOokACkA8n04rzvw78QG+vusW80s+3UD8zasZowqmCJl0cOwzsAMgA5weBWFJULTR7WBVeNJURArxRtCTCzOuRyWP4TS5r3p0UptHe2Fz2mdomhfIQJtsdV8ec0rpt1K/TOmOAQBbw7Eg5K/hB55rPdsjXL3Z6Gsv8swfOSTBJCAmxjMWpYDyP0+9aTTRl2hKQfBtvHFdvD05Q80fauDbOqd5nDoEU85zyDVi0+CPnBbC06Ubz5swhDauXEykSFcnjI4Oaw9Vu4rHp9g1z0ERQyXYZIEPzSduONmDNqAV9Me2Kxf7UfDq3ck/8FmNzHc28rzPFJHOGlbtdwAgjbHgBueOaYy8BUqs3R2nwesPzUI6C81zO8Edz/DGPcJZJXTSNhk8g5z5P6Vuibp0d0IUPT9Ra935VLKVHyVLgiQkgA4PpXCter9J6jBNF0z4cZhY3KzSxAmEJuP8AxFLqDt9PgA+PPpXdZZUnjnXoad1IY0mnE4LJGyErHrjn1Hn9s8kpc0VNDB1CzWK5lWewAjZYV/3O4IhlUMJBLhuefy8fetdqJDDA7yKx0QyGG1MUTuOGZVcs4B9ixxXLcTJZ3OvwyFzPrJB85H9cshyWLYx6gn8/PFdG2XqE1npJbR2cn1IkSyGQR44ILAYxmud+zUb8nMv7+eH4g+H7NEdoLqNjKyiZlRg0g+oqdB6eRXLS4vz1D/4j27LLrb2k8lkz/M4LjuEBGLY9RwuKl8bazvOlXF+X+ZZi3T3SYRxx4OG3hkdS2D4wp815mLqCdR6p1VUknjkuz5jnYKVwNgQ7irLjo1hz2e5+GL/u9B6O926R3PYZZklYo6ssjrysp28Y81K8z0rodt1KzW6hUFDJJFl72SRiY21Jymw/9VSsOfI0jHF0dX3Lxwusa9xgXJBAZeMYA9alv0S1iR1ly7PJLJ3MrEQruX01QBcAk+nr+3nI+3P3pAiERqNss4zswXAwa2QBTkKkfIA52IIGPc0yyRpU+Eek6fYXPTis8HUSsKXskogymhLwqNSpP4RqCePP50zqdunVruyvL2WNpLJZVgWIoifWS52Uk5Oa4ydNklRSEtzkyEA74BJBLecf2rLeBbOXsvDE7lUORt49PWs5W+Bo9EivC1x0xfllsoIIHhb6C3enXacl/GeFB59T702S3tryF4pjZI0YefuwiASFn1jZQX4OfyrzJjAklhEULBWChjtzsATgA4rWR2LZ3McP0qmoC+cvrg1ltjSO+4hayNis8Cx5RvoSEShkUp91/P6KzjpXS4EmjUWSTzlZZLlApmfKh9MuxGvuAK5cyyRwLcap9Y0wARkEeCc1JUaGMSBlbDFQSMkEjnBJPvRk10WMTpGwse3rKLD5aKSOSVO6k00s+pVmVWjXCnABGT481tkhgubbpnTmmso7K1uO7EiYRWVVICNtkYHPjHnzXF0dYopGIDSydsLqvIVdskg1qltnRLRpJATIsgXKJ9OFLfTn9j+dEptvo0oRqjRNaWnzUd/bmwgulQR7GFAzKsboCjKBqx2+ogcgAUya2V+wplsJWjDvO/kuvbXRUPJ1T6vNcO4urhA2pV2whJlAONRwBgirkvLi1mBQRuVXULKMjmPU5pTlVUTUUzuNGAsP8yyYy7DUTZCangtx6+nFLitbO2UGF7GPvzSFgsx+phGGZ84x7CuA15cEQELAHeNtiFHH8wkBfbihW6lKAskBcSFR/LUjUAeQaufRfr7Oull0+O8vjvZI0Xy8v85gEeSYOGEUrAk4/rGMfVXRijsRc3/UVl6d3mCNDJnushEK22IwpAyRnxjFefguJpJSoEa4eMKURRgNszen2GP/AHrbHC5nvYfo1i9Qigk67NkYxRbqqKo2EsK3VnHaQL060W3ullZLuN3muZtVUrH3CcAEtk4514GBzouLCC/uOl3t1eWncsbez71tC5W2nWAFWXIAYA5JOBxjFZR8wkEcwYZaZEi8KBuQSSMefNW8JS4itiw2ECvyq4Hc2YkADFOcn0gwgZpfh62FjLa2V7bg3N5H1C7lu2ZmmnQSRoII4kCqih2zknOfPFNuOnXk1pawTXnStLRZXWGztmheUBRheDkgYx5HJpb3DR2L3AcfRNbwR/QCOQzn6f0rHL1W5jhgYPGS8jgfylA0C5I19M5qlKc+0KUI9DpeivdC1kM1hE5t4YmhVpFlWSONAdsArjOQDnwPvXPf4dvYSrrc2zs0YkOlwuFdiR2/rjGfHGcU2XrN/GLLVowxiV2JjQkhlVx6cUqTr3VCIQsqDEaE/wAmPlucnkUKMjDULuyh0LqMc8ypcgxZlzMHidXKAlTgEMMnj9ftSouldTkBdzIApjZURYu5LGxZXKsWIwvGc+c0/wD2h6qZpVEsYQd3CiNMYAPk4zSh13q7RsWuFyO2qntx/TknPpirGY/oKf4du9o3hlb6ldGWSNMxYcphnVsE4+rj04pf+z3UMXe1ymIiPl9WAa4wdRhc8ZBzyac3xB1nEafM4DlmYBIwGy+BxjFU3Xurk3R+YX6O4FHahwBvjA4rrH5F5QPD0Kj+G+oEo3zC/UnbuNtSYlVwASdueOePypw+HeppApbqEXcjuOIiGZGhjYBPrH0jxkDnzQ/x/qx7O1wpLhgx7UXjYJzgVoHXr4RAtMCWuO1hY0Hl9eMLWv7v0FafoTL8PX008kn8QttBDhH+rdZcCTtEKp4z9Oc/f1ro9N6VHAlyb6eGZrm3ntRI2zC1fBRZIl1IO3B5wRis567cJLLB3Dr2Wk/p8hdsZ181rterT3Iy9wykRyysWI8oSMZAFZmp1y0McL4RLfpltaPaTCSMTxXaySSHeTEakMqpDINS2ORkgcePUaTao1pJBJNAe5FDZhFjYK8A2chpjhgWJyfbgDissXWHlW2YzyqZblIDiTGqsyITwPGD/amfxCVuyBPL/MELYLtz3HZfP6c0VJdM2nF+DK3Sel7ZVlcAoSzbI4Kud0Ur/Y+ePua7VsxhjKPO0pADxFAQEdcAbliQePGOeK1WfTre7topib87s6nFzwMTaEcj86w22JRI4eUBVyuXJbk/8XvWW5PyX6rwNub65mtTZRXSKkRQO7R5bGSxcac7ecVxLbpsFvLbASh5oYGkuJsSDvMGYKEGQAoBB8E5r0f8OgawkvJJr5gJNQEdGCgPqSoYVw7W76fPcW473UMXSukKxLA77o7jLrng8cUJySpGnTo7Vn1e5tLeWIyRywgkWi6qHiiHIV2HBIO3p6j2oZviG4MdygAjm7ThbqE5nTbVSSjntkj0+n29qKy6JBewu3f6gNcgELFphuRqT5x60Fz8OLFHcOLq/wBI0kcj5aF8YAz4IP3ojwylTVMTf9WvLq2tbWC5ntFaeS4vJI5MtdAYCpk4K4+rOODnxxxzWN5NdC6k6hdl17DXa5+i4kilaSNuWJULxgYIyucc10LzpzQ2LdQe6mKFIEO1nGFKyAMDwePFYGa2ijCG8b+YndQNa4Y6NqcNtnFbU5+DGMao0RXdjG96obqIincSS637J3HQEDDKu+TszeR+IinydcvRdS3Eck6LmD5ZHn7gt2TBb6NVRlYcfUpx7+/Niti8s8MdwWkEPd1+VYHTxnZWNNk6bcKVAmY7Ip5tZ/JwvJHtQ5yXDZYQfg0zdZvit6sVzLEJ5FdAruWtyCG0R3OxGOCM4x4x6i3X+pi6u5oZhBC8SRpC8QnSE5dlKliGOCSeR648CufNbSoZCZV+gRkAwTLuMHk8VnKuHK7oCUVwRHJz/T7Vm78ikovgZ1W5uuqmN5p2jFrI5txFGmYs6nQMcHjGefesXbs4pIHZGeWOBIn5dO9JqUMhKHOTxnn0przERyIAqKGA7UYft5HJbDknJ9eaxu7DOUXBAI84xnPnNdU30jLSOla30FjCsCRyhdmkwbnJBc5wTkVK5BDnBCDBA/qepWnyc8I+h1hbXBtLqUxkLtGu4Hkgk4zW22H+8pEDwgYv98DPFDDLOIOw7koSDqOBn74rVaq38SeVo2WLLKvBCtsyqB9Q5r0a8HGNszoSTkehg0jhTYYOpC59/ANed620S9UdAwwpUNsDwAiksT+/FMvJ+pyTo1uZO1G7Fwr/AEnDcqNuMD8658vTuqXVzcXE00eJSxXLjYKRgj6Rj/1V5NOFcs6TlfRtR07tl9YzPbi7fOPB2wAc+OKC5uo2S1UNnuIr/YDcj/lVJ0mQxobi6i3Eawc5BKLx4yDVv0aKRbaJ7qMLFFqCCVYKWLgjOcnn3rbxszybr2ZFsbA7grJIwznK4Q4OP9aSJVa2hfYaNNMPUY18nmqfo8Ei2sEl8GW1EmoDLszSMWb6cceK0jpVmIbeAyNpCZ2HIwO66s5y3PtWf1Q8mSW7QxW7dxSv81kAYZzsF9K63UJWW1sW3GpgaQEY/C2QP8GufNY9NFvZgTAIjLDswXlO4HYkL68gf9qT1+WOFOmxpJLgROr7ZAMYVXXj8mri/o2nXZmup4keFSxDPDHJhgQfrwRipe3EayuGflSV/UcHzWXrcZfq5WHCqkfSljUeBIYIm4x6ZNKv1IubhJHBkjuZ43YE4ZlfQ49cE16ow4RylPs1xTRuwAYkhcDANPgZChPOA4XPPlveuXbQKRfEPoIbR5sAMSzd2OELjPrtWiOSCG07p2LfxSNe2AWYhIO5xjj1GaJx4dDCXJ3rZFEqMByzA8459K3I4E9+4/rWcn9itZmvenrHZyrE4dkgJJ+lRvh+Vbn28U/5qIzdRxCzMkTAMFxuzf0g4/fmuCTo3aKkOYrKM+O6HAzjlRxR3HN47/1LEinPniLilpKGNiPln27ZdgMtq7AkZOMAfrTQwkDEwkMZDlmjcZBUDgtUkNoyzxqbJY8DHe3HvlY9f9a495EuI15IRWPP/wC3mvRMjMbteyuqshg1ZvBwGOP0rhdTgvkkvJYo9YY4XZHJYlRpznAAHPjmtxMtnOmQs6ZyQsSKPyVQo8flSzD+HAJ4UH/o1iF7c8Zf0AHC+2PI/wCdE1xeADk+c/hB/Tniu6ikcW7H9o7yNk8hjyDyTnirWFypGx8qeRxWJbq5BJJ4bxn0z7U0XU5KKTxyCBkZ/amkFsNoJfp5/CPUfc+tX8tN9eCPqOPHqTmqSebZVJfOcAFeTnn0NaRLMuyvGQW/B58+cEEVtJA2xSWsuY/qXg55B966CWrap4/GGOFB8NQW8xdgMcqAD5GP3roLkBfcH9q7R04sy5NGU2xLOxC8hh4HjxWyCBVUZVfDDgD1qDyTjmnoGwOD4NdVpRM5sKOKLEY0ThgfA85BqhDH3o/pH04A8f0tkUyMfg4I+pT/AH+9AqsbhOTgOPufxg1nVhGPSNwlZ66wl7dvEqquq5OCOPOa89bqoeRQBgu3AHs1eu6Y8SiDIXknzzjnFeNiLdyUKee9JznkDu+TzXi4SfB3u/J6C2JFl2QishmyVO2DltuayWfS+mW101zDZW6SqMoyhsock5X2PNdLp4ZbGdWOxS9UkgFQV7iHgMfaukqxLJI+OGAUjjwK4pr0dGmc2xaSC3SKNfozLjliRszM3NHPPc4YFSVYYYc4OcjmtFqBHEkTY/HMSfuXLU1wjgEsFK+mfvVkvRNM4V0Hn6fJaSqTARGv05GAuQBmudN0uwddWtWwLcxKQXyI3IY4NeoWJX7iH8DkY9QR5qnt4TohYZMMcfnk4IFCn9Bz0eat7eO0mvJraErK0IgZsuSItt9eePNdEXd927c9rA0EZbBGQDkA5rY4ha4v4fAkjj5BxgkIfT8qzvHGI7eN+5wxHOQPw8ZzxWG0/A8k7l063AMIIZcNnHHpS7SPvOsvZhkeOJ4wx14VipPGPsK2CFGllbZgspce3nLDApdrDFaiRV8FiOTn8WWrnwvBKzk9StbSUlJY4lCyOxEWob78ivP39jYwXlpGDKBIJJY0ADIRnc7N5x9q9F1Wxd4XlTYsWDAfYtya4/XrWUj4XmRXywWGZlVjrnt/ix+ZrpF8hJ02c1rW2R5FIUfWTgEYGeeOalc3qlteW19cwqCVVlIIDnIKg+lSuyiGSGKxon6je2sqFIxIF0dMjOD/AI/tXOlvEikZCfwkeAT9/WmC+jWG3eQHd0DDII4LuAQFP2r6GvLJJI8eksXYcV11H5UJHCzTNLcOw8ZDOmPJx/xfvWuRuqPGNCAysxOG8bPxgAZ8AVmbqSxpCwVMv3OMnOVk7YHAJ55I/OqbrEuYkijBLY4wSclmz968rT8I6pr2bpV6s4tlBCAKpl+r8TKWPkfmP2ozB1KSW3PflRY0RCgwQV1RWyxIHpn9f3wN1DqhKaJcDCqWCKUGdeRkr7/erN5dNIhKSrqQDs4CFiV8FiD/AGNZpjaOmtvdtcGUyhSHLqrqx1Grr+Mucjn+1XHYOkUkRu0Jfh8RrwC5fAGc+w/QVzUk6g0k0pSUllkXEI7mQytk43wPJohHdqsyypKFkAOCE3VcltmJcD2Pn0op+y49HUPTrYRRJ32ZI3Upl44wSNc+QfsaKax6RK8fzEsjuyDRHkUocoqcIy+wHiuUbG6CQxSzCMrqyq2QxSQK6sMAjkY9RT3swlwrTPIzL248mTCjKqoAwpxnis19mk/o6EsfRNmlllBlUwknYg/RqiHdfbA9fSlFOktcbSqJXufriIkSMBuTsQByMnNVN0y2tt1uXlRSdZAH4Vg3Pkf6UgDo6PFlM4z2nWVW53ONlLUJWLbXZsS46SheSONGEShDHkt3GC+QWGDz/wBcVraWw7RVrZSQQyoI1K7soJ5Uk8e9cUXXSId3SN8Z4aSZdSTnhUjzg1qW/tSiP2Nxo+RsSxAVWGTnnz5xRKPkFK+maP4taQxRaWkwO6xIsH1uMDwRIP8ArFaW6mDPdItu7YjypcIokf7HP9vtSxNbm46QiRIiTx2T3DRsAkffAdo1XjJH6eaXDegydV1hiDrZu0bBSW7gmTGcjGcEisf+G+fZpW+vJBbFrRyxwzaxJlckrjKnI4oDc9RdMCIRytJlFI+rtgZOAWrNJNf/ACdqYComZ7szYVWBQFAiqp84+rP5/ttkmnF5esCwjjt5exG6fSHMYjU7ZwTk5x9ufenF+iv7Ca5vmadljZ/5aquhQDYAEjOfPrWe4WadJFfvDu2zQnck4aRdWJGdTj86rvTwW8KtuZWnuJGkmRAxU6qFGMj3pCXEiZG5IPkcV7NLaSnG+jhPWjF0c9uhvbLGwniffZfpiCMAMcYLE4opOnjC4ByBz4I/YV0DOWxtz559anc/KvdDapL9uzzy1rfBxRYak5RSduN4wT+maf8AI8ZCnyfOx/bBrp7A+lXuMeB+1K2qJ6xy/lSAuE/Tk8+/NWbJyMAYGefpDD9ga6ey4HAqbJ7AfpWvxkHyme3tCpUnOB9hn9Qa29pcf6nP+lB3MDjFTuGusdKMVRhzbGCNMAHOaMBR6nHqM+aR3PvU7n3reKRnJmoFRjgcEH196FThw/qDn8+Qaz9z71DJRKKl2Sk0dZepTIQFA1yP6mzjOeKwWp3vispVYp/mSMgnkhmCjXmkdz71aylGV1OGXOGGM88etebV0IzVI7Q1XF8nthcW2pBliUMQeTkeh5FQ3Vr4Mi5PrsD/AK1497+6cAGQ8eMBR/gUPzlx6yMfuTXh/Bn7PX+VA9oZ4jwHjwOckqOftzWC+6kqd2FTzhMMG14bDH8I/wBa8095PISXfJ/Uf4pTSE8k88etahsXf7szLdKv1R3z1JwVaKUIUVRwwdtwMZwcccmkT3kzGKVrlisMMQdGYKSyFiWBJKgHPPFcUSH/AL8/5oWbdXU+HGDjziuj2SrhmFueejVetfNMLiFyI2traQEblSNi2V5A8HH6Vxor6+jncFi287a525IRpPpBrpCZhCkA17axJDjH9CeBmkFU4PPBz+Jse3jNc47SSXJqW4jfBus+tMwjLKT3RlMMQfpYgj6uPSulD1WN8H6gTgYJA+/nOP7153RAFwWAVgwGcjzt60xJFQtgNqdcLkYDA5yMCuM9nLwbjuF5PWi8haMdzwdhjAOce3NW8to0ce2QEAZcK3Hpga8V5iK9WMSL9eGLsvAzk/l6U49UBgUMqM6qvJ2G3gHK5wa87200dVqwZ2W+RlO7qxYj3lX+ynFSvPfMjz3VGecIMD9OalHwTH5IHkmt4pSzu+zt7gqM+PSoLOD6NmXjAACAjUDA4YmhDn3ow598V9VaP2eF6iOn07pcFyZGEgTSGecM8e4/lDOABwPzpcB3kiRbdwjMgLgsyhS4DkAADIHPmqtLoxLcRtIxE0Lw6HIRlYg6tyODjnmjims7eRZBAA66lezJnDL9QbGxFeeWnO6R1U1XIdwhS4lNvGez3D2HYLuyZwrPkn/ApvUXeG9u47Jt7ZXHZyidxkaMEMFkwfPisguLYsM28apuzt9JdmYn8RyQM1oN+gXVGkxvvr2oVGcY8kk0fBMPliaLoTvclYzsscNojaKxDSmFdiFPPn70V9bXc8kawxqsEdtbQDdwHaZYsOWU55znPNYz1CYgDVTg5BJfOf8AykClNcO7bNjP2zz6c81tbWTfLMvWXg6d5BPc3DDzEYrW3Uv9AYxQrGx2Un1z7+PTNFeQ281xNNJNo6tEQQ43+lEDMFAOCccY5/KuPufHJHsSSP2NEsrqRh2GDngnj9q6fiLyzP5HpDOu9TivRLo0pKXTLJvnUOSXwmzZ/M4/zXGRlMtmCAFCxqSvnknJ5/64o5keWMcZd5mkLFW44Oc49/8ASoLdsxszEGJFUAAakgffnGTRGOKpE/25YlW1glOeDLEoA9SAxrvdPlijt0bUN3YU/pVgOMcZrkC0TCoWYDYsSCCfGPOK3KwRVQeFAUfkBiu+npqX+RiUsejrjqGDtq7PkFWYoNcKF8BaFuoXBAAOBgAj6QCByOFArl9w+9X3PvXdaGmukc3qzfk6DXkzeTx64Lc+vPNB8zLx9Z9fv5/Ose/3qbV0UYrwZyfs2NM7nLuWP3P+B4qCQf8ARrJtUD4rapdGTb3T6UQlNYe4fer7pqI29371Xd+9Yu4avuUkbRN96IStWEPRhz70NkbO5U7n3rLufepuTRZGruD3q+4fesu5qb0WJr7hqtz9qy9yr3qsjTvU3NZt/vU3+9BGrapuKy7mr3/65oE07VW/3rPv96m496LI07/lQl6Rv9xVb0EaN6rekF6regRxehL0gvVF6BHF6AvnyT9uaVvQl6wxG7VKRtn1qUWRyAcUYY1mDZow1ImnbOPA9OKINWcMaLfxTYUP2qw1I3qw1KYUP24q9vvSNqvamwoft96ncFI2qZ+9NhQ4ED9sVNhxSc1e1CikabY7f/rNTek7Gr2rXCMu2O2/Kpmk7H71CTTYUODecVe596QCavJpTKh2/wB6m/3pOftU2psh+9TekbVNqciNG/3q9/vWber3qsDTuT61O4azbGpueKrI1iU0W9ZN/vU3PvQJr3+9Xufese/3q9z70EbO5U7tZNz71NqSs19xandHtWTc/er3z60Ea9xVhx71mDD3q9vYissR+/3q9jSNjU2NQj9qrek7mpvWbEdv9zVF/vStqEt+dVkNL1WxpRYe9CWrNiM3NUW80vYUJas2IzepSNvvUoGjmg1e1KBq802NDgwo80gGjDVBQ7OKvYUkMKvbNIUOzU2pe1QMKiG5qZNLBFXtTZDM1M0vaptVZDM1M0vaptVYDNvzqbH1/wA0vNTNNlQzapt96XmpmmwoZt96valZqZqsqG7GptStqvP3pyChm1TNLzUzVZUN2qbClZqZqyKh2am1K2q9qbChmwq80rapmqyoaGq9/alZqZpsqHb1NqVt96m1FlQ0NRBqRtVhz70CadhU2PvWfc1N6yaNG1Takb/nUDUMh2x96rY0raqLUDQ0tQlqWWFVt5rIhlqEtQFqEsKCoPIqUsNUqsqMJDI7Iw+pGZWx7g4NXmpUqNFiiyvGAfvnFSpURYI9qvNSpTYBc1fipUoImamTUqUkTNTP51KlIF1KlSkC6malSgiZqZqVKiJmr5qVKSJU4+9SpURfNTNSpUgJVVKlIl1AalSki81M1KlQEB/OrzUqVWRWamalSoixV1KlVkSpmpUoEmamalSsiTY1Mk1KlDIomqz5qVKyaBJoSalSoQ44nkBK64BxyT7ZqVKlBH//2Q==\"></p>', '社团管理员', '社团管理员', '1', '0', '2019-05-09 15:03:13', '0');
INSERT INTO `passage` VALUES ('97', '53534', '<p>53453</p>', '社团管理员', '社团管理员', '1', '0', '2019-05-09 15:56:32', '0');
INSERT INTO `passage` VALUES ('98', '42323', '<p>24234</p>', '社团管理员', '社团管理员', '1', '0', '2019-05-09 15:58:56', '0');
INSERT INTO `passage` VALUES ('99', '43235', '<p>53532523</p>', '社团管理员', '社团管理员', '1', '0', '2019-05-09 16:06:23', '0');
INSERT INTO `passage` VALUES ('100', '43235', '<p>53532523</p>', '社团管理员', '社团管理员', '1', '0', '2019-05-09 16:06:23', '0');
INSERT INTO `passage` VALUES ('101', '43235', '<p>53532523</p>', '社团管理员', '社团管理员', '1', '0', '2019-05-09 16:06:23', '0');
INSERT INTO `passage` VALUES ('102', '43235', '<p>53532523</p>', '社团管理员', '社团管理员', '1', '0', '2019-05-09 16:06:24', '0');
INSERT INTO `passage` VALUES ('103', '43235热污染翁', '<h1>5353252353345</h1>', '社团管理员', '社团管理员', '1', '0', '2019-05-09 16:06:38', '0');
INSERT INTO `passage` VALUES ('104', '43235热污染翁', '<h1>5353252353345</h1>', '社团管理员', '社团管理员', '1', '0', '2019-05-09 16:06:49', '0');
INSERT INTO `passage` VALUES ('105', '53534', '<p>534534</p>', '社团管理员', '社团管理员', '1', '0', '2019-05-09 16:07:50', '0');
INSERT INTO `passage` VALUES ('106', '53534', '<p>534534</p>', '社团管理员', '社团管理员', '1', '0', '2019-05-09 16:07:51', '0');
INSERT INTO `passage` VALUES ('107', '53534', '<p>534534</p>', '社团管理员', '社团管理员', '1', '0', '2019-05-09 16:07:51', '0');
INSERT INTO `passage` VALUES ('108', '53534', '<p>534534</p>', '社团管理员', '社团管理员', '1', '0', '2019-05-09 16:07:52', '0');
INSERT INTO `passage` VALUES ('109', '53534', '<p>534534</p>', '社团管理员', '社团管理员', '1', '0', '2019-05-09 16:07:52', '0');
INSERT INTO `passage` VALUES ('110', '53534', '<p>534534</p>', '社团管理员', '社团管理员', '1', '0', '2019-05-09 16:07:52', '0');
INSERT INTO `passage` VALUES ('111', '53534', '<p>534534</p>', '社团管理员', '社团管理员', '1', '0', '2019-05-09 16:07:52', '0');
INSERT INTO `passage` VALUES ('112', '53534', '<p>534534</p>', '社团管理员', '社团管理员', '1', '0', '2019-05-09 16:07:53', '0');
INSERT INTO `passage` VALUES ('113', '53534', '<p>534534</p>', '社团管理员', '社团管理员', '1', '0', '2019-05-09 16:08:13', '0');

-- ----------------------------
-- Table structure for passage_type
-- ----------------------------
DROP TABLE IF EXISTS `passage_type`;
CREATE TABLE `passage_type` (
  `id` int(11) NOT NULL AUTO_INCREMENT COMMENT '文章类型',
  `type` varchar(255) DEFAULT '' COMMENT '文章类型',
  PRIMARY KEY (`id`)
) ENGINE=InnoDB AUTO_INCREMENT=5 DEFAULT CHARSET=utf8;

-- ----------------------------
-- Records of passage_type
-- ----------------------------
INSERT INTO `passage_type` VALUES ('1', '重要通知');
INSERT INTO `passage_type` VALUES ('2', '社团要闻');
INSERT INTO `passage_type` VALUES ('3', '社团联简介');
INSERT INTO `passage_type` VALUES ('4', '社团简介');

-- ----------------------------
-- Table structure for student
-- ----------------------------
DROP TABLE IF EXISTS `student`;
CREATE TABLE `student` (
  `num` varchar(30) NOT NULL DEFAULT '1' COMMENT '编号',
  `name` varchar(50) NOT NULL,
  `sex` tinyint(1) NOT NULL DEFAULT '0' COMMENT '性别',
  `age` int(11) DEFAULT NULL,
  `email` varchar(80) NOT NULL DEFAULT '' COMMENT '电子邮箱',
  `phone` varchar(50) NOT NULL,
  `club_num` int(11) NOT NULL DEFAULT '0' COMMENT '社团编号'
) ENGINE=InnoDB DEFAULT CHARSET=utf8;

-- ----------------------------
-- Records of student
-- ----------------------------

-- ----------------------------
-- Table structure for user
-- ----------------------------
DROP TABLE IF EXISTS `user`;
CREATE TABLE `user` (
  `id` int(11) NOT NULL AUTO_INCREMENT COMMENT '用户id',
  `name` varchar(50) NOT NULL DEFAULT '',
  `call_name` varchar(60) DEFAULT '' COMMENT '用户职称',
  `sex` tinyint(1) NOT NULL DEFAULT '0' COMMENT '性别（0保密，1男，2女）',
  `institute` varchar(50) NOT NULL DEFAULT '' COMMENT '学院',
  `account` varchar(50) NOT NULL,
  `password` varchar(60) NOT NULL,
  `role_id` int(11) NOT NULL DEFAULT '0',
  `create_time` timestamp NOT NULL DEFAULT CURRENT_TIMESTAMP ON UPDATE CURRENT_TIMESTAMP COMMENT '用户创建时间',
  `is_active` tinyint(1) NOT NULL DEFAULT '0' COMMENT '用户是否激活（默认0，未激活；1激活）',
  `last_login_time` varchar(80) DEFAULT NULL,
  PRIMARY KEY (`id`)
) ENGINE=InnoDB AUTO_INCREMENT=19 DEFAULT CHARSET=utf8;

-- ----------------------------
-- Records of user
-- ----------------------------
INSERT INTO `user` VALUES ('1', 'sm', '', '1', 'a', '123456@qq.com', '123456', '0', '2019-10-23 21:25:47', '1', '');
INSERT INTO `user` VALUES ('2', 'admin', '', '1', 'a', 'admin@163.com', '123456', '0', '2019-10-23 21:25:39', '0', '');
INSERT INTO `user` VALUES ('10', 'test1', '', '0', '', 'test@163.com', '123456', '0', '2019-10-23 13:08:57', '0', null);

-- ----------------------------
-- Table structure for user_club
-- ----------------------------
DROP TABLE IF EXISTS `user_club`;
CREATE TABLE `user_club` (
  `id` int(11) NOT NULL AUTO_INCREMENT COMMENT '职称id',
  `user_id` int(255) DEFAULT NULL COMMENT '职称名称',
  `club_id` int(255) DEFAULT NULL,
  PRIMARY KEY (`id`)
) ENGINE=InnoDB DEFAULT CHARSET=utf8;

-- ----------------------------
-- Records of user_club
-- ----------------------------

-- ----------------------------
-- Table structure for user_role
-- ----------------------------
DROP TABLE IF EXISTS `user_role`;
CREATE TABLE `user_role` (
  `id` int(11) NOT NULL AUTO_INCREMENT COMMENT '角色id',
  `role_name` varchar(45) NOT NULL DEFAULT '' COMMENT '角色名称',
  PRIMARY KEY (`id`)
) ENGINE=InnoDB AUTO_INCREMENT=4 DEFAULT CHARSET=utf8;

-- ----------------------------
-- Records of user_role
-- ----------------------------
INSERT INTO `user_role` VALUES ('1', '部长');
INSERT INTO `user_role` VALUES ('2', '副会长');
INSERT INTO `user_role` VALUES ('3', '社长');
